estacion,fecha,pm25_diario
Cerrillos,2001-01-20,16.451612903225808
Cerrillos,2001-02-20,15.597826086956522
Cerrillos,2001-03-20,15.84375
Cerrillos,2001-04-20,19.62857142857143
Cerrillos,2001-05-20,45.34722222222222
Cerrillos,2001-06-20,47.625
Cerrillos,2001-07-20,48.202127659574465
Cerrillos,2001-08-20,43.25
Cerrillos,2001-09-20,23.016129032258064
Cerrillos,2001-10-20,9.48611111111111
Cerrillos,2001-11-20,10.944444444444445
Cerrillos,2001-12-20,14.333333333333334
Cerrillos,2002-01-20,12.8
Cerrillos,2002-02-20,15.354166666666666
Cerrillos,2002-03-20,18.260416666666668
Cerrillos,2002-04-20,29.01388888888889
Cerrillos,2002-05-20,30.73611111111111
Cerrillos,2002-06-20,53.041666666666664
Cerrillos,2002-07-20,45.810526315789474
Cerrillos,2002-08-20,48.80555555555556
Cerrillos,2002-09-20,26.433333333333334
Cerrillos,2002-10-20,13.527777777777779
Cerrillos,2002-11-20,12.333333333333334
Cerrillos,2002-12-20,14.333333333333334
Cerrillos,2003-01-20,15.71875
Cerrillos,2003-02-20,13.329787234042554
Cerrillos,2003-03-20,16.604166666666668
Cerrillos,2003-04-20,29.26027397260274
Cerrillos,2003-05-20,25.791666666666668
Cerrillos,2003-06-20,30.46875
Cerrillos,2003-07-20,54.333333333333336
Cerrillos,2003-08-20,52.31944444444444
Cerrillos,2003-09-20,27.791666666666668
Cerrillos,2003-10-20,12.972222222222221
Cerrillos,2003-11-20,14.555555555555555
Cerrillos,2003-12-20,13.11111111111111
Cerrillos,2004-01-20,15.479166666666666
Cerrillos,2004-02-20,14.3125
Cerrillos,2004-03-20,15.572916666666666
Cerrillos,2004-04-20,23.77777777777778
Cerrillos,2004-05-20,26.14457831325301
Cerrillos,2004-06-20,48.114583333333336
Cerrillos,2004-07-20,46.9375
Cerrillos,2004-08-20,51.52777777777778
Cerrillos,2004-09-20,31.93220338983051
Cerrillos,2004-10-20,16.291666666666668
Cerrillos,2004-11-20,12.26388888888889
Cerrillos,2004-12-20,12.75
Cerrillos,2005-01-20,13.395833333333334
Cerrillos,2005-02-20,14.25
Cerrillos,2005-03-20,18.895833333333332
Cerrillos,2005-04-20,24.375
Cerrillos,2005-05-20,30.770833333333332
Cerrillos,2005-06-20,49.020833333333336
Cerrillos,2005-07-20,41.208333333333336
Cerrillos,2005-08-20,44.52777777777778
Cerrillos,2005-09-20,17.814814814814813
Cerrillos,2005-10-20,20.02777777777778
Cerrillos,2005-11-20,12.28169014084507
Cerrillos,2005-12-20,14.944444444444445
Cerrillos,2006-01-20,13.4375
Cerrillos,2006-02-20,14.447916666666666
Cerrillos,2006-03-20,16.797619047619047
Cerrillos,2006-04-20,23.123287671232877
Cerrillos,2006-05-20,30.177083333333332
Cerrillos,2006-06-20,31.239583333333332
Cerrillos,2006-07-20,36.229166666666664
Cerrillos,2006-08-20,36.986111111111114
Cerrillos,2006-09-20,25.208333333333332
Cerrillos,2006-10-20,18.97222222222222
Cerrillos,2006-11-20,13.625
Cerrillos,2006-12-20,16.11111111111111
Cerrillos,2007-01-20,13.604166666666666
Cerrillos,2007-02-20,16.135416666666668
Cerrillos,2007-03-20,13.48235294117647
Cerrillos,2007-04-20,19.84722222222222
Cerrillos,2007-05-20,23.5625
Cerrillos,2007-06-20,44.75
Cerrillos,2007-07-20,47.770833333333336
Cerrillos,2007-08-20,23.708333333333332
Cerrillos,2007-09-20,19.19298245614035
Cerrillos,2007-10-20,18.194444444444443
Cerrillos,2007-11-20,14.708333333333334
Cerrillos,2007-12-20,14.48611111111111
Cerrillos,2008-01-20,10.48421052631579
Cerrillos,2008-02-20,15.333333333333334
Cerrillos,2008-03-20,14.5625
Cerrillos,2008-04-20,18.555555555555557
Cerrillos,2008-05-20,30.326315789473686
Cerrillos,2008-06-20,53.6875
Cerrillos,2008-07-20,49.885416666666664
Cerrillos,2008-08-20,36.06944444444444
Cerrillos,2008-09-20,22.964912280701753
Cerrillos,2008-10-20,15.208333333333334
Cerrillos,2008-11-20,15.541666666666666
Cerrillos,2008-12-20,10.421875
Cerrillos,2009-01-20,9.926315789473684
Cerrillos,2009-02-20,15.421052631578947
Cerrillos,2009-03-20,17.15730337078652
Cerrillos,2009-04-20,17.819444444444443
Cerrillos,2009-05-20,25.229166666666668
Cerrillos,2009-06-20,47.635416666666664
Cerrillos,2009-07-20,47.8125
Cerrillos,2009-08-20,36.40277777777778
Cerrillos,2009-09-20,21.791666666666668
Cerrillos,2009-10-20,19.180555555555557
Cerrillos,2009-11-20,14.625
Cerrillos,2009-12-20,11.555555555555555
Cerrillos,2010-01-20,12.69047619047619
Cerrillos,2010-02-20,15.023529411764706
Cerrillos,2010-03-20,14.912087912087912
Cerrillos,2010-04-20,22.041666666666668
Cerrillos,2010-05-20,33.604166666666664
Cerrillos,2010-06-20,42.052083333333336
Cerrillos,2010-07-20,62.291666666666664
Cerrillos,2010-08-20,43.125
Cerrillos,2010-09-20,19.596153846153847
Cerrillos,2010-10-20,21.208333333333332
Cerrillos,2010-11-20,13.929577464788732
Cerrillos,2010-12-20,11.367647058823529
Cerrillos,2011-01-20,10.511627906976743
Cerrillos,2011-02-20,14.534883720930232
Cerrillos,2011-03-20,15.010416666666666
Cerrillos,2011-04-20,23.27777777777778
Cerrillos,2011-05-20,45.927083333333336
Cerrillos,2011-06-20,42.787234042553195
Cerrillos,2011-07-20,60.677083333333336
Cerrillos,2011-08-20,30.694444444444443
Cerrillos,2011-09-20,14.45
Cerrillos,2011-10-20,16.59722222222222
Cerrillos,2011-11-20,11.13888888888889
Cerrillos,2011-12-20,13.194444444444445
Cerrillos,2012-01-20,12.020833333333334
Cerrillos,2012-02-20,17.510416666666668
Cerrillos,2012-03-20,16.5
Cerrillos,2012-04-20,26.23611111111111
Cerrillos,2012-05-20,46.134020618556704
Cerrillos,2012-06-20,31.78125
Cerrillos,2012-07-20,59.979166666666664
Cerrillos,2012-08-20,34.225352112676056
Cerrillos,2012-09-20,26.98611111111111
Cerrillos,2012-10-20,22
Cerrillos,2012-11-20,11.48611111111111
Cerrillos,2012-12-20,12.63888888888889
Cerrillos,2013-01-20,11.427083333333334
Cerrillos,2013-02-20,15.083333333333334
Cerrillos,2013-03-20,13.862068965517242
Cerrillos,2013-04-20,31
Cerrillos,2013-05-20,56.020833333333336
Cerrillos,2013-06-20,32.479166666666664
Cerrillos,2013-07-20,71.65625
Cerrillos,2013-08-20,34.861111111111114
Cerrillos,2013-09-20,22.069444444444443
Cerrillos,2013-10-20,23.194444444444443
Cerrillos,2013-11-20,11.071428571428571
Cerrillos,2013-12-20,11.319444444444445
Cerrillos,2014-01-20,13.5625
Cerrillos,2014-02-20,16.458333333333332
Cerrillos,2014-03-20,14.882978723404255
Cerrillos,2014-04-20,38.34722222222222
Cerrillos,2014-05-20,57.883720930232556
Cerrillos,2014-06-20,40.510416666666664
Cerrillos,2014-07-20,71.95652173913044
Cerrillos,2014-08-20,28.458333333333332
Cerrillos,2014-09-20,20.63888888888889
Cerrillos,2014-10-20,15.875
Cerrillos,2014-11-20,11.555555555555555
Cerrillos,2014-12-20,11.73611111111111
Cerrillos,2015-01-20,12.15625
Cerrillos,2015-02-20,18.09375
Cerrillos,2015-03-20,16.93975903614458
Cerrillos,2015-04-20,33.098591549295776
Cerrillos,2015-05-20,53.646341463414636
Cerrillos,2015-06-20,39.114583333333336
Cerrillos,2015-07-20,57.095238095238095
Cerrillos,2015-08-20,38
Cerrillos,2015-09-20,14.61111111111111
Cerrillos,2015-10-20,18.26388888888889
Cerrillos,2015-11-20,11.097222222222221
Cerrillos,2015-12-20,10.805555555555555
Cerrillos,2016-01-20,13.479166666666666
Cerrillos,2016-02-20,15.458333333333334
Cerrillos,2016-03-20,13.182926829268293
Cerrillos,2016-04-20,29.98611111111111
Cerrillos,2016-05-20,54.395833333333336
Cerrillos,2016-06-20,48.28125
Cerrillos,2016-07-20,53.25
Cerrillos,2016-08-20,36.5
Cerrillos,2016-09-20,17.63888888888889
Cerrillos,2016-10-20,13.805555555555555
Cerrillos,2016-11-20,9.25
Cerrillos,2016-12-20,12.375
Cerrillos,2017-01-20,14.183908045977011
Cerrillos,2017-02-20,13.229166666666666
Cerrillos,2017-03-20,13.5625
Cerrillos,2017-04-20,28.166666666666668
Cerrillos,2017-05-20,35.96808510638298
Cerrillos,2017-06-20,42.354166666666664
Cerrillos,2017-07-20,45.31944444444444
Cerrillos,2017-08-20,28.5
Cerrillos,2017-09-20,22.930555555555557
Cerrillos,2017-10-20,17.180555555555557
Cerrillos,2017-11-20,10.86111111111111
Cerrillos,2017-12-20,15.753623188405797
Cerrillos,2018-01-20,17.88888888888889
Cerrillos,2018-02-20,12.197916666666666
Cerrillos,2018-03-20,13.416666666666666
Cerrillos,2018-04-20,27.73611111111111
Cerrillos,2018-05-20,31.47826086956522
Cerrillos,2018-06-20,47.78125
Cerrillos,2018-07-20,36.166666666666664
Cerrillos,2018-08-20,23.5
Cerrillos,2018-09-20,13.444444444444445
Cerrillos,2018-10-20,15.083333333333334
Cerrillos,2018-11-20,11.9
Cerrillos,2018-12-20,12.625
Cerrillos,2019-01-20,18.833333333333332
Cerrillos,2019-02-20,14.260416666666666
Cerrillos,2019-03-20,13.862068965517242
Cerrillos,2019-04-20,21.875
Cerrillos,2019-05-20,42.947916666666664
Cerrillos,2019-06-20,54.625
Cerrillos,2019-07-20,44.56944444444444
Cerrillos,2019-08-20,36.56944444444444
Cerrillos,2019-09-20,15.428571428571429
Cerrillos,2019-10-20,12.458333333333334
Cerrillos,2019-11-20,14.152777777777779
Cerrillos,2019-12-20,11.23943661971831
Cerrillos,2020-01-20,16.0561797752809
Cerrillos,2020-02-20,15.916666666666666
Cerrillos,2020-03-20,16.944444444444443
Cerrillos,2020-04-20,29.194444444444443
Cerrillos,2020-05-20,30.104166666666668
Cerrillos,2020-06-20,57.697916666666664
Cerrillos,2020-07-20,42.138888888888886
Cerrillos,2020-08-20,40.47222222222222
Cerrillos,2020-09-20,26.763636363636362
Cerrillos,2020-10-20,10.75
Cerrillos,2020-11-20,13.722222222222221
Cerrillos,2020-12-20,12.26388888888889
Cerrillos,2021-01-20,15.135416666666666
Cerrillos,2021-02-20,13.364583333333334
Cerrillos,2021-03-20,19.125
Cerrillos,2021-04-20,23.181818181818183
Cerrillos,2021-05-20,22.59375
Cerrillos,2021-06-20,59.895833333333336
Cerrillos,2021-07-20,25.805555555555557
Cerrillos,2021-08-20,41.083333333333336
Cerrillos,2021-09-20,22.470588235294116
Cerrillos,2021-10-20,17.38888888888889
Cerrillos,2021-11-20,12.566666666666666
Cerrillos,2021-12-20,11.847222222222221
Cerrillos,2022-01-20,15.895833333333334
Cerrillos,2022-02-20,13.260416666666666
Cerrillos,2022-03-20,17.25
Cerrillos,2022-04-20,22.071428571428573
Cerrillos,2022-05-20,41.333333333333336
Cerrillos,2022-06-20,56.642105263157895
Cerrillos,2022-07-20,21.680555555555557
Cerrillos,2022-08-20,42.791666666666664
Cerrillos,2022-09-20,16.5625
Cerrillos,2022-10-20,19.15277777777778
Cerrillos,2022-11-20,11.479166666666666
Cerrillos,2022-12-20,15.569444444444445
Cerrillos,2023-01-20,14.916666666666666
Cerrillos,2023-02-20,13.46875
Cerrillos,2023-03-20,20.044776119402986
Cerrillos,2023-04-20,28.15277777777778
Cerrillos,2023-05-20,48.885416666666664
Cerrillos,2023-06-20,42.96842105263158
Cerrillos,2023-07-20,45.833333333333336
Cerrillos,2023-08-20,25.34722222222222
Cerrillos,2023-09-20,11.352941176470589
Cerrillos,2023-10-20,17.72222222222222
Cerrillos,2023-11-20,8.729166666666666
Cerrillos,2023-12-20,15.944444444444445
Cerrillos,2024-01-20,15.447916666666666
Cerrillos,2024-02-20,14.625
Cerrillos,2024-03-20,17.92982456140351
Cerrillos,2024-04-20,33.138888888888886
Cerrillos,2024-05-20,49.84375
Cerrillos,2024-06-20,33.385416666666664
Cerrillos,2024-07-20,45.55555555555556
Cerrillos,2024-08-20,26
Cerrillos,2024-09-20,17.5
Cerrillos,2024-10-20,12.86111111111111
Cerrillos,2024-11-20,6.020833333333333
Cerrillos,2024-12-20,15.902777777777779
Cerrillos,2025-01-20,17.8125
Cerrillos,2025-02-20,14.083333333333334
Cerrillos,2025-03-20,21.645833333333332
Cerrillos,2025-04-20,36.611111111111114
Cerrillos,2025-05-20,43.770833333333336
Cerrillos,2025-06-20,35.645161290322584
Cerrillos,2025-07-20,55.184615384615384
Cerrillos,2025-08-20,24.430555555555557
Cerrillos,2025-09-20,25.25
Cerrillos,2025-10-20,12.277777777777779
Cerrillos,2025-11-20,7.5
Cerrillos,2025-12-20,12.73611111111111
Cerrillos,2026-01-20,16.416666666666668
Cerrillos,2026-02-20,16.93258426966292
Cerrillos,2026-03-20,19.327868852459016
Cerrillos,2026-04-20,25.80821917808219
Cerrillos,2026-05-20,45.65625
Cerrillos,2026-06-20,40.308510638297875
Cerrillos,2026-07-20,72.26315789473684
Cerrillos,2026-08-20,26.944444444444443
Cerrillos,2026-09-20,19.055555555555557
Cerrillos,2026-10-20,15.472222222222221
Cerrillos,2026-11-20,11.541666666666666
Cerrillos,2026-12-20,13.458333333333334
Cerrillos,2027-01-20,15.5625
Cerrillos,2027-02-20,16.84375
Cerrillos,2027-03-20,25.36111111111111
Cerrillos,2027-04-20,38.31944444444444
Cerrillos,2027-05-20,51.65625
Cerrillos,2027-06-20,63.791666666666664
Cerrillos,2027-07-20,53.486111111111114
Cerrillos,2027-08-20,23.819444444444443
Cerrillos,2027-09-20,17.27777777777778
Cerrillos,2027-10-20,10.069444444444445
Cerrillos,2027-11-20,14.297872340425531
Cerrillos,2027-12-20,13.666666666666666
Cerrillos,2028-01-20,17.385416666666668
Cerrillos,2028-02-20,18.604166666666668
Cerrillos,2028-03-20,25.647058823529413
Cerrillos,2028-04-20,51.83050847457627
Cerrillos,2028-05-20,39.364583333333336
Cerrillos,2028-06-20,48.84375
Cerrillos,2028-07-20,56.666666666666664
Cerrillos,2028-08-20,22.380281690140844
Cerrillos,2028-09-20,18.09722222222222
Cerrillos,2028-10-20,10.180555555555555
Cerrillos,2028-11-20,12.291666666666666
Cerrillos,2028-12-20,15.916666666666666
Cerrillos,2029-01-20,12.536842105263158
Cerrillos,2029-02-20,23.791666666666668
Cerrillos,2029-03-20,18.01388888888889
Cerrillos,2029-04-20,34.604166666666664
Cerrillos,2029-05-20,32.61052631578947
Cerrillos,2029-06-20,31.75
Cerrillos,2029-07-20,51.69444444444444
Cerrillos,2029-08-20,19.291666666666668
Cerrillos,2029-09-20,10.333333333333334
Cerrillos,2029-10-20,11.083333333333334
Cerrillos,2029-11-20,10.166666666666666
Cerrillos,2029-12-20,11.95774647887324
Cerrillos,2030-01-20,13.5625
Cerrillos,2030-03-20,15.458333333333334
Cerrillos,2030-04-20,36.11290322580645
Cerrillos,2030-05-20,31.25
Cerrillos,2030-06-20,45.177083333333336
Cerrillos,2030-07-20,39.05555555555556
Cerrillos,2030-08-20,23.29850746268657
Cerrillos,2030-09-20,7.736111111111111
Cerrillos,2030-10-20,12.194444444444445
Cerrillos,2030-11-20,14.319444444444445
Cerrillos,2030-12-20,12.972222222222221
Cerrillos,2031-01-20,13.697916666666666
Cerrillos,2031-03-20,16.73611111111111
Cerrillos,2031-05-20,29.947916666666668
Cerrillos,2031-07-20,48.44444444444444
Cerrillos,2031-08-20,24.16176470588235
Cerrillos,2031-10-20,13.916666666666666
Cerrillos,2031-12-20,20.816901408450704
Cerro Navia,2001-01-20,17.37062937062937
Cerro Navia,2001-01-21,8.791666666666666
Cerro Navia,2001-02-20,16.77777777777778
Cerro Navia,2001-02-21,17.041666666666668
Cerro Navia,2001-03-20,17.92361111111111
Cerro Navia,2001-03-21,13.333333333333334
Cerro Navia,2001-04-20,25.608333333333334
Cerro Navia,2001-04-21,10.291666666666666
Cerro Navia,2001-05-20,47.826388888888886
Cerro Navia,2001-05-21,11.458333333333334
Cerro Navia,2001-06-20,52.388888888888886
Cerro Navia,2001-06-21,74.41666666666667
Cerro Navia,2001-07-20,49.583333333333336
Cerro Navia,2001-07-21,66.66666666666667
Cerro Navia,2001-08-20,54.854166666666664
Cerro Navia,2001-08-21,21.08695652173913
Cerro Navia,2001-09-20,29.694444444444443
Cerro Navia,2001-09-21,43.04347826086956
Cerro Navia,2001-10-20,15.229166666666666
Cerro Navia,2001-10-21,10
Cerro Navia,2001-11-20,15.965277777777779
Cerro Navia,2001-11-21,6.958333333333333
Cerro Navia,2001-12-20,15.025
Cerro Navia,2001-12-21,5.416666666666667
Cerro Navia,2002-01-20,13.79861111111111
Cerro Navia,2002-01-21,9.583333333333334
Cerro Navia,2002-02-20,18.604166666666668
Cerro Navia,2002-02-21,14.125
Cerro Navia,2002-03-20,18.72222222222222
Cerro Navia,2002-03-21,12.125
Cerro Navia,2002-04-20,29.305785123966942
Cerro Navia,2002-04-21,15.583333333333334
Cerro Navia,2002-05-20,29.51388888888889
Cerro Navia,2002-05-21,23.375
Cerro Navia,2002-06-20,62.08730158730159
Cerro Navia,2002-06-21,74.625
Cerro Navia,2002-07-20,54.55944055944056
Cerro Navia,2002-07-21,57
Cerro Navia,2002-08-20,55.791666666666664
Cerro Navia,2002-09-20,35.24305555555556
Cerro Navia,2002-09-21,8.708333333333334
Cerro Navia,2002-10-20,13.819444444444445
Cerro Navia,2002-10-21,9.541666666666666
Cerro Navia,2002-11-20,14.6875
Cerro Navia,2002-11-21,7.208333333333333
Cerro Navia,2002-12-20,16.225
Cerro Navia,2002-12-21,6.916666666666667
Cerro Navia,2003-01-20,14.979166666666666
Cerro Navia,2003-01-21,12.666666666666666
Cerro Navia,2003-02-20,17.59722222222222
Cerro Navia,2003-02-21,17.041666666666668
Cerro Navia,2003-03-20,16.430555555555557
Cerro Navia,2003-03-21,10
Cerro Navia,2003-04-20,25.696969696969695
Cerro Navia,2003-04-21,11.75
Cerro Navia,2003-05-20,32.68055555555556
Cerro Navia,2003-05-21,22.5
Cerro Navia,2003-06-20,45
Cerro Navia,2003-06-21,58.083333333333336
Cerro Navia,2003-07-20,65.95138888888889
Cerro Navia,2003-07-21,51.958333333333336
Cerro Navia,2003-08-20,60.8125
Cerro Navia,2003-08-21,48.833333333333336
Cerro Navia,2003-09-20,32.43356643356643
Cerro Navia,2003-09-21,16.208333333333332
Cerro Navia,2003-10-20,13.145833333333334
Cerro Navia,2003-10-21,20.166666666666668
Cerro Navia,2003-11-20,15.48611111111111
Cerro Navia,2003-11-21,5.590909090909091
Cerro Navia,2003-12-20,15.491666666666667
Cerro Navia,2003-12-21,8.625
Cerro Navia,2004-01-20,15.916666666666666
Cerro Navia,2004-01-21,13.916666666666666
Cerro Navia,2004-02-20,17.84722222222222
Cerro Navia,2004-02-21,26.208333333333332
Cerro Navia,2004-03-20,16.86111111111111
Cerro Navia,2004-03-21,13.875
Cerro Navia,2004-04-20,23.255172413793105
Cerro Navia,2004-04-21,16.82608695652174
Cerro Navia,2004-05-20,32.354166666666664
Cerro Navia,2004-05-21,23.291666666666668
Cerro Navia,2004-06-20,48.958333333333336
Cerro Navia,2004-06-21,73.41666666666667
Cerro Navia,2004-07-20,55.09090909090909
Cerro Navia,2004-07-21,30.416666666666668
Cerro Navia,2004-08-20,60.1875
Cerro Navia,2004-08-21,49.333333333333336
Cerro Navia,2004-09-20,31.479166666666668
Cerro Navia,2004-09-21,30.625
Cerro Navia,2004-10-20,17.458333333333332
Cerro Navia,2004-10-21,21
Cerro Navia,2004-11-20,14.69718309859155
Cerro Navia,2004-11-21,8.9375
Cerro Navia,2004-12-20,15.625
Cerro Navia,2004-12-21,15.083333333333334
Cerro Navia,2005-01-20,15.125
Cerro Navia,2005-01-21,9.458333333333334
Cerro Navia,2005-02-20,16.416666666666668
Cerro Navia,2005-02-21,18.791666666666668
Cerro Navia,2005-03-20,17.923076923076923
Cerro Navia,2005-03-21,13.208333333333334
Cerro Navia,2005-04-20,21.65277777777778
Cerro Navia,2005-04-21,17.333333333333332
Cerro Navia,2005-05-20,40.36805555555556
Cerro Navia,2005-05-21,28.375
Cerro Navia,2005-06-20,51.145833333333336
Cerro Navia,2005-06-21,66.33333333333333
Cerro Navia,2005-07-20,50.6875
Cerro Navia,2005-07-21,70.83333333333333
Cerro Navia,2005-08-20,46.16783216783217
Cerro Navia,2005-08-21,18.5
Cerro Navia,2005-09-20,30.804195804195803
Cerro Navia,2005-09-21,28.833333333333332
Cerro Navia,2005-10-20,17.20567375886525
Cerro Navia,2005-10-21,13.5
Cerro Navia,2005-11-20,14.159722222222221
Cerro Navia,2005-11-21,6.714285714285714
Cerro Navia,2005-12-20,16.35
Cerro Navia,2005-12-21,6.75
Cerro Navia,2006-01-20,15.394366197183098
Cerro Navia,2006-01-21,9.166666666666666
Cerro Navia,2006-02-20,23.503496503496503
Cerro Navia,2006-02-21,14.708333333333334
Cerro Navia,2006-03-20,15.678321678321678
Cerro Navia,2006-03-21,13.125
Cerro Navia,2006-04-20,22.20689655172414
Cerro Navia,2006-04-21,10.88
Cerro Navia,2006-05-20,45.97222222222222
Cerro Navia,2006-05-21,19.625
Cerro Navia,2006-06-20,41.61805555555556
Cerro Navia,2006-06-21,83.95833333333333
Cerro Navia,2006-07-20,44.541666666666664
Cerro Navia,2006-07-21,78.20833333333333
Cerro Navia,2006-08-20,39.01398601398601
Cerro Navia,2006-08-21,7.125
Cerro Navia,2006-09-20,25.746478873239436
Cerro Navia,2006-09-21,16.25
Cerro Navia,2006-10-20,18.92361111111111
Cerro Navia,2006-10-21,12.916666666666666
Cerro Navia,2006-11-20,14.25
Cerro Navia,2006-11-21,10.434782608695652
Cerro Navia,2006-12-20,17.125
Cerro Navia,2006-12-21,7.5
Cerro Navia,2007-01-20,15.409722222222221
Cerro Navia,2007-01-21,6
Cerro Navia,2007-02-20,27.45138888888889
Cerro Navia,2007-02-21,11.583333333333334
Cerro Navia,2007-03-20,13.118055555555555
Cerro Navia,2007-03-21,9.208333333333334
Cerro Navia,2007-04-20,23.833333333333332
Cerro Navia,2007-04-21,18.333333333333332
Cerro Navia,2007-05-20,41.520833333333336
Cerro Navia,2007-05-21,13.208333333333334
Cerro Navia,2007-06-20,52.84722222222222
Cerro Navia,2007-06-21,79.83333333333333
Cerro Navia,2007-07-20,55.71328671328671
Cerro Navia,2007-07-21,85.33333333333333
Cerro Navia,2007-08-20,30.65277777777778
Cerro Navia,2007-08-21,17
Cerro Navia,2007-09-20,17.17361111111111
Cerro Navia,2007-09-21,20.333333333333332
Cerro Navia,2007-10-20,18.48611111111111
Cerro Navia,2007-10-21,10.833333333333334
Cerro Navia,2007-11-20,15.875
Cerro Navia,2007-11-21,13
Cerro Navia,2007-12-20,16.141666666666666
Cerro Navia,2007-12-21,10.791666666666666
Cerro Navia,2008-01-20,12.734265734265735
Cerro Navia,2008-01-21,6.541666666666667
Cerro Navia,2008-02-20,23.44055944055944
Cerro Navia,2008-02-21,8.791666666666666
Cerro Navia,2008-03-20,12.1015625
Cerro Navia,2008-03-21,6.083333333333333
Cerro Navia,2008-04-20,22.618055555555557
Cerro Navia,2008-04-21,16.583333333333332
Cerro Navia,2008-05-20,38.90277777777778
Cerro Navia,2008-05-21,29.875
Cerro Navia,2008-06-20,59.11188811188811
Cerro Navia,2008-06-21,32.375
Cerro Navia,2008-07-20,54.80555555555556
Cerro Navia,2008-07-21,69.95833333333333
Cerro Navia,2008-08-20,46.18055555555556
Cerro Navia,2008-08-21,53.291666666666664
Cerro Navia,2008-09-20,22.88111888111888
Cerro Navia,2008-09-21,30
Cerro Navia,2008-10-20,14.256944444444445
Cerro Navia,2008-10-21,5
Cerro Navia,2008-11-20,15.26056338028169
Cerro Navia,2008-11-21,14.541666666666666
Cerro Navia,2008-12-20,13.516666666666667
Cerro Navia,2008-12-21,7.541666666666667
Cerro Navia,2009-01-20,12.555555555555555
Cerro Navia,2009-01-21,7.166666666666667
Cerro Navia,2009-02-20,26.971830985915492
Cerro Navia,2009-02-21,7.708333333333333
Cerro Navia,2009-03-20,15.24031007751938
Cerro Navia,2009-03-21,8.291666666666666
Cerro Navia,2009-04-20,18.6875
Cerro Navia,2009-04-21,24.416666666666668
Cerro Navia,2009-05-20,37.986111111111114
Cerro Navia,2009-05-21,48.65217391304348
Cerro Navia,2009-06-20,54.451388888888886
Cerro Navia,2009-06-21,11.173913043478262
Cerro Navia,2009-07-20,46.5625
Cerro Navia,2009-07-21,57.083333333333336
Cerro Navia,2009-08-20,45.27777777777778
Cerro Navia,2009-08-21,50.25
Cerro Navia,2009-09-20,32.18055555555556
Cerro Navia,2009-09-21,18.958333333333332
Cerro Navia,2009-10-20,18.09027777777778
Cerro Navia,2009-10-21,17.083333333333332
Cerro Navia,2009-11-20,14.203252032520325
Cerro Navia,2009-11-21,7.916666666666667
Cerro Navia,2009-12-20,13.771186440677965
Cerro Navia,2009-12-21,10.416666666666666
Cerro Navia,2010-01-20,13.652777777777779
Cerro Navia,2010-01-21,9.73913043478261
Cerro Navia,2010-02-20,26.506944444444443
Cerro Navia,2010-02-21,11.25
Cerro Navia,2010-03-20,15.618055555555555
Cerro Navia,2010-03-21,10.625
Cerro Navia,2010-04-20,21.45138888888889
Cerro Navia,2010-04-21,18.708333333333332
Cerro Navia,2010-05-20,42.16083916083916
Cerro Navia,2010-05-21,43.375
Cerro Navia,2010-06-20,51.75694444444444
Cerro Navia,2010-06-21,31.458333333333332
Cerro Navia,2010-07-20,63.083333333333336
Cerro Navia,2010-07-21,39.666666666666664
Cerro Navia,2010-08-20,41.076388888888886
Cerro Navia,2010-08-21,57.166666666666664
Cerro Navia,2010-09-20,32.36805555555556
Cerro Navia,2010-09-21,11.73913043478261
Cerro Navia,2010-10-20,18.229166666666668
Cerro Navia,2010-10-21,15.375
Cerro Navia,2010-11-20,14.347222222222221
Cerro Navia,2010-11-21,3.7916666666666665
Cerro Navia,2010-12-20,13.522058823529411
Cerro Navia,2010-12-21,12.208333333333334
Cerro Navia,2011-01-20,13.659722222222221
Cerro Navia,2011-01-21,9.541666666666666
Cerro Navia,2011-02-20,22.92361111111111
Cerro Navia,2011-02-21,6.416666666666667
Cerro Navia,2011-03-20,15.3125
Cerro Navia,2011-03-21,10.166666666666666
Cerro Navia,2011-04-20,21.47826086956522
Cerro Navia,2011-04-21,11.541666666666666
Cerro Navia,2011-05-20,52.548611111111114
Cerro Navia,2011-05-21,58.291666666666664
Cerro Navia,2011-06-20,54.24305555555556
Cerro Navia,2011-06-21,54.958333333333336
Cerro Navia,2011-07-20,60.77777777777778
Cerro Navia,2011-07-21,71.58333333333333
Cerro Navia,2011-08-20,35.520833333333336
Cerro Navia,2011-09-20,17.147058823529413
Cerro Navia,2011-09-21,12.541666666666666
Cerro Navia,2011-10-20,17.159420289855074
Cerro Navia,2011-10-21,12.291666666666666
Cerro Navia,2011-11-20,12.27659574468085
Cerro Navia,2011-11-21,5
Cerro Navia,2011-12-20,14.642857142857142
Cerro Navia,2011-12-21,11.458333333333334
Cerro Navia,2012-01-20,13.847222222222221
Cerro Navia,2012-01-21,12
Cerro Navia,2012-02-20,24.20138888888889
Cerro Navia,2012-02-21,11.291666666666666
Cerro Navia,2012-03-20,15.9375
Cerro Navia,2012-03-21,6.625
Cerro Navia,2012-04-20,21.958041958041957
Cerro Navia,2012-04-21,12.333333333333334
Cerro Navia,2012-05-20,51.49655172413793
Cerro Navia,2012-05-21,45.91304347826087
Cerro Navia,2012-06-20,49.208333333333336
Cerro Navia,2012-06-21,38.291666666666664
Cerro Navia,2012-07-20,51.84027777777778
Cerro Navia,2012-07-21,71.33333333333333
Cerro Navia,2012-08-20,37.198581560283685
Cerro Navia,2012-08-21,50.916666666666664
Cerro Navia,2012-09-20,24.924812030075188
Cerro Navia,2012-09-21,17.958333333333332
Cerro Navia,2012-10-20,21.091549295774648
Cerro Navia,2012-10-21,19.791666666666668
Cerro Navia,2012-11-20,12.6875
Cerro Navia,2012-11-21,9.347826086956522
Cerro Navia,2012-12-20,13.184
Cerro Navia,2012-12-21,7.875
Cerro Navia,2013-01-20,13.277777777777779
Cerro Navia,2013-01-21,12.125
Cerro Navia,2013-02-20,16.868055555555557
Cerro Navia,2013-02-21,13.666666666666666
Cerro Navia,2013-03-20,15.4375
Cerro Navia,2013-03-21,5.416666666666667
Cerro Navia,2013-04-20,27.368055555555557
Cerro Navia,2013-04-21,14.958333333333334
Cerro Navia,2013-05-20,54.55555555555556
Cerro Navia,2013-05-21,47
Cerro Navia,2013-06-20,52.729166666666664
Cerro Navia,2013-06-21,7.125
Cerro Navia,2013-07-20,69.47222222222223
Cerro Navia,2013-07-21,132.91666666666666
Cerro Navia,2013-08-20,52.583333333333336
Cerro Navia,2013-08-21,42.875
Cerro Navia,2013-09-20,22.02777777777778
Cerro Navia,2013-09-21,15.875
Cerro Navia,2013-10-20,19.92361111111111
Cerro Navia,2013-10-21,15.5
Cerro Navia,2013-11-20,11.847222222222221
Cerro Navia,2013-11-21,13.708333333333334
Cerro Navia,2013-12-20,11.830882352941176
Cerro Navia,2013-12-21,13.708333333333334
Cerro Navia,2014-01-20,13.75
Cerro Navia,2014-01-21,10.291666666666666
Cerro Navia,2014-02-20,19.007042253521128
Cerro Navia,2014-02-21,9.73913043478261
Cerro Navia,2014-03-20,16.753521126760564
Cerro Navia,2014-03-21,10.25
Cerro Navia,2014-04-20,29.82638888888889
Cerro Navia,2014-04-21,11.708333333333334
Cerro Navia,2014-05-20,58.7972027972028
Cerro Navia,2014-05-21,62.583333333333336
Cerro Navia,2014-06-20,54.4375
Cerro Navia,2014-06-21,21.875
Cerro Navia,2014-07-20,67.82638888888889
Cerro Navia,2014-07-21,128.20833333333334
Cerro Navia,2014-08-20,48.91608391608391
Cerro Navia,2014-08-21,39.666666666666664
Cerro Navia,2014-09-20,27.104166666666668
Cerro Navia,2014-09-21,27.5
Cerro Navia,2014-10-20,16.95138888888889
Cerro Navia,2014-10-21,10.583333333333334
Cerro Navia,2014-11-20,13.61111111111111
Cerro Navia,2014-11-21,12.833333333333334
Cerro Navia,2014-12-20,11.70138888888889
Cerro Navia,2014-12-21,9.875
Cerro Navia,2015-01-20,13.916666666666666
Cerro Navia,2015-01-21,8.625
Cerro Navia,2015-02-20,20.307692307692307
Cerro Navia,2015-02-21,10.666666666666666
Cerro Navia,2015-03-20,16.84722222222222
Cerro Navia,2015-03-21,12
Cerro Navia,2015-04-20,29.78472222222222
Cerro Navia,2015-04-21,11.375
Cerro Navia,2015-05-20,58.25694444444444
Cerro Navia,2015-05-21,40.21739130434783
Cerro Navia,2015-06-20,50.49305555555556
Cerro Navia,2015-06-21,69.125
Cerro Navia,2015-07-20,73.42361111111111
Cerro Navia,2015-07-21,99.26086956521739
Cerro Navia,2015-08-20,35.09027777777778
Cerro Navia,2015-08-21,47.125
Cerro Navia,2015-09-20,24.40277777777778
Cerro Navia,2015-09-21,27.583333333333332
Cerro Navia,2015-10-20,17.8125
Cerro Navia,2015-10-21,21.041666666666668
Cerro Navia,2015-11-20,13.856115107913668
Cerro Navia,2015-11-21,10.041666666666666
Cerro Navia,2015-12-20,16
Cerro Navia,2015-12-21,12.208333333333334
Cerro Navia,2016-01-20,15.118055555555555
Cerro Navia,2016-01-21,7.833333333333333
Cerro Navia,2016-02-20,16.145833333333332
Cerro Navia,2016-02-21,10.5
Cerro Navia,2016-03-20,15.416666666666666
Cerro Navia,2016-04-20,30.84722222222222
Cerro Navia,2016-04-21,21.125
Cerro Navia,2016-05-20,54.208333333333336
Cerro Navia,2016-05-21,50.625
Cerro Navia,2016-06-20,59.816901408450704
Cerro Navia,2016-06-21,75.54166666666667
Cerro Navia,2016-07-20,65.80555555555556
Cerro Navia,2016-07-21,82.625
Cerro Navia,2016-08-20,37.34265734265734
Cerro Navia,2016-08-21,28.875
Cerro Navia,2016-09-20,19.84722222222222
Cerro Navia,2016-09-21,23.791666666666668
Cerro Navia,2016-10-20,14.666666666666666
Cerro Navia,2016-10-21,10.375
Cerro Navia,2016-11-20,11.50381679389313
Cerro Navia,2016-11-21,11
Cerro Navia,2016-12-20,26.84027777777778
Cerro Navia,2016-12-21,11.458333333333334
Cerro Navia,2017-01-20,15.069444444444445
Cerro Navia,2017-01-21,13
Cerro Navia,2017-02-20,15.208333333333334
Cerro Navia,2017-02-21,12.875
Cerro Navia,2017-03-20,15.597222222222221
Cerro Navia,2017-04-20,30.28472222222222
Cerro Navia,2017-04-21,33.166666666666664
Cerro Navia,2017-05-20,41.47222222222222
Cerro Navia,2017-05-21,50.21739130434783
Cerro Navia,2017-06-20,68.71527777777777
Cerro Navia,2017-06-21,48.625
Cerro Navia,2017-07-20,68.71527777777777
Cerro Navia,2017-07-21,69.5
Cerro Navia,2017-08-20,26.04861111111111
Cerro Navia,2017-08-21,32.375
Cerro Navia,2017-09-20,24.42361111111111
Cerro Navia,2017-09-21,20.956521739130434
Cerro Navia,2017-10-20,14.215277777777779
Cerro Navia,2017-10-21,15
Cerro Navia,2017-11-20,13.625
Cerro Navia,2017-11-21,8.083333333333334
Cerro Navia,2017-12-20,13.194444444444445
Cerro Navia,2017-12-21,9
Cerro Navia,2018-01-20,17.84722222222222
Cerro Navia,2018-01-21,13.416666666666666
Cerro Navia,2018-02-20,16.291666666666668
Cerro Navia,2018-02-21,13.916666666666666
Cerro Navia,2018-03-20,15.666666666666666
Cerro Navia,2018-03-21,11.333333333333334
Cerro Navia,2018-04-20,28.479166666666668
Cerro Navia,2018-04-21,26.208333333333332
Cerro Navia,2018-05-20,39.1875
Cerro Navia,2018-05-21,68.79166666666667
Cerro Navia,2018-06-20,63.63194444444444
Cerro Navia,2018-06-21,6.826086956521739
Cerro Navia,2018-07-20,60.56944444444444
Cerro Navia,2018-07-21,45.958333333333336
Cerro Navia,2018-08-20,25.708333333333332
Cerro Navia,2018-08-21,28.75
Cerro Navia,2018-09-20,23.524475524475523
Cerro Navia,2018-09-21,36.166666666666664
Cerro Navia,2018-10-20,15.368055555555555
Cerro Navia,2018-10-21,14.708333333333334
Cerro Navia,2018-11-20,16.63888888888889
Cerro Navia,2018-11-21,9.130434782608695
Cerro Navia,2018-12-20,12.802919708029197
Cerro Navia,2018-12-21,10.26086956521739
Cerro Navia,2019-01-20,17.450704225352112
Cerro Navia,2019-01-21,11.958333333333334
Cerro Navia,2019-02-20,15.583333333333334
Cerro Navia,2019-02-21,14.75
Cerro Navia,2019-03-20,17.020833333333332
Cerro Navia,2019-03-21,17.208333333333332
Cerro Navia,2019-04-20,26.678321678321677
Cerro Navia,2019-04-21,17.833333333333332
Cerro Navia,2019-05-20,48.78472222222222
Cerro Navia,2019-05-21,83.95833333333333
Cerro Navia,2019-06-20,65.99305555555556
Cerro Navia,2019-06-21,26.958333333333332
Cerro Navia,2019-07-20,54.923611111111114
Cerro Navia,2019-07-21,49.869565217391305
Cerro Navia,2019-08-20,37.71527777777778
Cerro Navia,2019-08-21,17.958333333333332
Cerro Navia,2019-09-20,23.07638888888889
Cerro Navia,2019-09-21,10.208333333333334
Cerro Navia,2019-10-20,18.07638888888889
Cerro Navia,2019-10-21,13.208333333333334
Cerro Navia,2019-11-20,15.909722222222221
Cerro Navia,2019-11-21,10.708333333333334
Cerro Navia,2019-12-20,17.270833333333332
Cerro Navia,2019-12-21,16.416666666666668
Cerro Navia,2020-01-20,15.647058823529411
Cerro Navia,2020-01-21,14.541666666666666
Cerro Navia,2020-02-20,15.756944444444445
Cerro Navia,2020-02-21,10.041666666666666
Cerro Navia,2020-03-20,17.944444444444443
Cerro Navia,2020-03-21,10.666666666666666
Cerro Navia,2020-04-20,26.92361111111111
Cerro Navia,2020-04-21,24.916666666666668
Cerro Navia,2020-05-20,41.18055555555556
Cerro Navia,2020-05-21,46.75
Cerro Navia,2020-06-20,66.04166666666667
Cerro Navia,2020-06-21,40.5
Cerro Navia,2020-07-20,56.25694444444444
Cerro Navia,2020-07-21,63.041666666666664
Cerro Navia,2020-08-20,43.71527777777778
Cerro Navia,2020-08-21,16.416666666666668
Cerro Navia,2020-09-20,24.65972222222222
Cerro Navia,2020-09-21,20
Cerro Navia,2020-10-20,17.583333333333332
Cerro Navia,2020-10-21,3.0833333333333335
Cerro Navia,2020-11-20,14.608391608391608
Cerro Navia,2020-11-21,10.625
Cerro Navia,2020-12-20,16.319444444444443
Cerro Navia,2020-12-21,18.708333333333332
Cerro Navia,2021-01-20,15.713286713286713
Cerro Navia,2021-01-21,15.666666666666666
Cerro Navia,2021-02-20,16.208333333333332
Cerro Navia,2021-02-21,8.916666666666666
Cerro Navia,2021-03-20,15.929577464788732
Cerro Navia,2021-03-21,18.791666666666668
Cerro Navia,2021-04-20,24.708333333333332
Cerro Navia,2021-04-21,14.583333333333334
Cerro Navia,2021-05-20,34.729166666666664
Cerro Navia,2021-05-21,17.833333333333332
Cerro Navia,2021-06-20,61.30555555555556
Cerro Navia,2021-06-21,8.523809523809524
Cerro Navia,2021-07-20,41.84722222222222
Cerro Navia,2021-07-21,40.166666666666664
Cerro Navia,2021-08-20,40.43356643356643
Cerro Navia,2021-08-21,15.368421052631579
Cerro Navia,2021-09-20,22.166666666666668
Cerro Navia,2021-09-21,11.208333333333334
Cerro Navia,2021-10-20,19.520833333333332
Cerro Navia,2021-10-21,4.5
Cerro Navia,2021-11-20,13.083333333333334
Cerro Navia,2021-11-21,9.625
Cerro Navia,2021-12-20,15.965277777777779
Cerro Navia,2021-12-21,16.541666666666668
Cerro Navia,2022-01-20,15.256944444444445
Cerro Navia,2022-01-21,15.166666666666666
Cerro Navia,2022-02-20,14.95138888888889
Cerro Navia,2022-02-21,5.5
Cerro Navia,2022-03-20,12.51908396946565
Cerro Navia,2022-03-21,14.583333333333334
Cerro Navia,2022-04-20,25.846153846153847
Cerro Navia,2022-04-21,11.625
Cerro Navia,2022-05-20,48.30555555555556
Cerro Navia,2022-05-21,17.083333333333332
Cerro Navia,2022-06-20,55.53846153846154
Cerro Navia,2022-06-21,5.208333333333333
Cerro Navia,2022-07-20,38.46153846153846
Cerro Navia,2022-07-21,55.958333333333336
Cerro Navia,2022-08-20,32.395833333333336
Cerro Navia,2022-08-21,13.956521739130435
Cerro Navia,2022-09-20,18.958333333333332
Cerro Navia,2022-09-21,13.375
Cerro Navia,2022-10-20,19.73611111111111
Cerro Navia,2022-10-21,10.875
Cerro Navia,2022-11-20,14.430555555555555
Cerro Navia,2022-11-21,6.291666666666667
Cerro Navia,2022-12-20,15.354166666666666
Cerro Navia,2022-12-21,17.958333333333332
Cerro Navia,2023-01-20,14.854166666666666
Cerro Navia,2023-01-21,13.708333333333334
Cerro Navia,2023-02-20,15.244755244755245
Cerro Navia,2023-02-21,9.291666666666666
Cerro Navia,2023-03-20,15.35593220338983
Cerro Navia,2023-03-21,8.375
Cerro Navia,2023-04-20,24.867132867132867
Cerro Navia,2023-04-21,16
Cerro Navia,2023-05-20,54.520833333333336
Cerro Navia,2023-05-21,23.916666666666668
Cerro Navia,2023-06-20,42.44444444444444
Cerro Navia,2023-06-21,11.25
Cerro Navia,2023-07-20,49.84090909090909
Cerro Navia,2023-07-21,34.041666666666664
Cerro Navia,2023-08-20,28.035714285714285
Cerro Navia,2023-08-21,21.416666666666668
Cerro Navia,2023-09-20,21.17361111111111
Cerro Navia,2023-09-21,9.782608695652174
Cerro Navia,2023-10-20,14.676258992805755
Cerro Navia,2023-10-21,5.5
Cerro Navia,2023-11-20,13.277777777777779
Cerro Navia,2023-11-21,6.541666666666667
Cerro Navia,2023-12-20,15.506944444444445
Cerro Navia,2023-12-21,12.666666666666666
Cerro Navia,2024-01-20,15.152777777777779
Cerro Navia,2024-01-21,13.291666666666666
Cerro Navia,2024-02-20,15.284722222222221
Cerro Navia,2024-02-21,7.291666666666667
Cerro Navia,2024-03-20,18.338983050847457
Cerro Navia,2024-03-21,8.791666666666666
Cerro Navia,2024-04-20,25.79861111111111
Cerro Navia,2024-04-21,18.208333333333332
Cerro Navia,2024-05-20,55.66197183098591
Cerro Navia,2024-05-21,52.5
Cerro Navia,2024-06-20,37.470588235294116
Cerro Navia,2024-06-21,13.375
Cerro Navia,2024-07-20,52.583333333333336
Cerro Navia,2024-07-21,60
Cerro Navia,2024-08-11,67
Cerro Navia,2024-08-20,30.875
Cerro Navia,2024-08-21,64.875
Cerro Navia,2024-09-20,21.90277777777778
Cerro Navia,2024-09-21,9.916666666666666
Cerro Navia,2024-10-20,12.816901408450704
Cerro Navia,2024-10-21,8.695652173913043
Cerro Navia,2024-11-20,12.069444444444445
Cerro Navia,2024-11-21,5.333333333333333
Cerro Navia,2024-12-20,16.53472222222222
Cerro Navia,2024-12-21,12.5
Cerro Navia,2025-01-20,14.881944444444445
Cerro Navia,2025-01-21,12.125
Cerro Navia,2025-02-20,15.520833333333334
Cerro Navia,2025-02-21,8.75
Cerro Navia,2025-03-20,17.49056603773585
Cerro Navia,2025-03-21,10.695652173913043
Cerro Navia,2025-04-20,28.63888888888889
Cerro Navia,2025-04-21,18.125
Cerro Navia,2025-05-20,52.49305555555556
Cerro Navia,2025-05-21,38.208333333333336
Cerro Navia,2025-06-20,42.13475177304964
Cerro Navia,2025-06-21,34.458333333333336
Cerro Navia,2025-07-20,46.583333333333336
Cerro Navia,2025-07-21,55.833333333333336
Cerro Navia,2025-08-20,32.833333333333336
Cerro Navia,2025-08-21,38.416666666666664
Cerro Navia,2025-09-20,18.993055555555557
Cerro Navia,2025-09-21,12.916666666666666
Cerro Navia,2025-10-20,12.709219858156029
Cerro Navia,2025-10-21,9.166666666666666
Cerro Navia,2025-11-20,13.035211267605634
Cerro Navia,2025-11-21,7.291666666666667
Cerro Navia,2025-12-20,14.840277777777779
Cerro Navia,2025-12-21,9.5
Cerro Navia,2026-01-20,15.92361111111111
Cerro Navia,2026-01-21,10.636363636363637
Cerro Navia,2026-02-20,17.395833333333332
Cerro Navia,2026-02-21,11.416666666666666
Cerro Navia,2026-03-20,16.433333333333334
Cerro Navia,2026-03-21,13.333333333333334
Cerro Navia,2026-04-20,24.944444444444443
Cerro Navia,2026-04-21,9.416666666666666
Cerro Navia,2026-05-20,48.916666666666664
Cerro Navia,2026-05-21,33.34782608695652
Cerro Navia,2026-06-20,45.50349650349651
Cerro Navia,2026-06-21,72.66666666666667
Cerro Navia,2026-07-20,49.24305555555556
Cerro Navia,2026-07-21,62.09090909090909
Cerro Navia,2026-08-20,38.11188811188811
Cerro Navia,2026-08-21,22
Cerro Navia,2026-09-20,17.26388888888889
Cerro Navia,2026-09-21,21.708333333333332
Cerro Navia,2026-10-20,12.635658914728682
Cerro Navia,2026-10-21,12.916666666666666
Cerro Navia,2026-11-20,17.283333333333335
Cerro Navia,2026-11-21,5.666666666666667
Cerro Navia,2026-12-20,14.194444444444445
Cerro Navia,2026-12-21,10.347826086956522
Cerro Navia,2027-01-20,15.86111111111111
Cerro Navia,2027-01-21,9.291666666666666
Cerro Navia,2027-02-20,16.169014084507044
Cerro Navia,2027-02-21,9.333333333333334
Cerro Navia,2027-03-20,18.691666666666666
Cerro Navia,2027-03-21,13.75
Cerro Navia,2027-04-20,30.12676056338028
Cerro Navia,2027-04-21,13.916666666666666
Cerro Navia,2027-05-20,53.96527777777778
Cerro Navia,2027-05-21,61
Cerro Navia,2027-06-20,67.27083333333333
Cerro Navia,2027-06-21,45.208333333333336
Cerro Navia,2027-07-20,52.513888888888886
Cerro Navia,2027-07-21,52.458333333333336
Cerro Navia,2027-08-20,34.2112676056338
Cerro Navia,2027-08-21,31.708333333333332
Cerro Navia,2027-09-20,18.9375
Cerro Navia,2027-09-21,25.5
Cerro Navia,2027-10-20,11.638655462184873
Cerro Navia,2027-10-21,10.791666666666666
Cerro Navia,2027-11-20,13.954545454545455
Cerro Navia,2027-11-21,6
Cerro Navia,2027-12-20,14.664335664335665
Cerro Navia,2027-12-21,8.208333333333334
Cerro Navia,2028-01-20,17.020833333333332
Cerro Navia,2028-01-21,12.333333333333334
Cerro Navia,2028-02-20,17.40277777777778
Cerro Navia,2028-02-21,9.956521739130435
Cerro Navia,2028-03-20,18.952
Cerro Navia,2028-03-21,17.791666666666668
Cerro Navia,2028-04-20,40.96527777777778
Cerro Navia,2028-04-21,23.333333333333332
Cerro Navia,2028-05-20,54.0625
Cerro Navia,2028-05-21,47.833333333333336
Cerro Navia,2028-06-20,63.52777777777778
Cerro Navia,2028-06-21,57.333333333333336
Cerro Navia,2028-07-20,66.68055555555556
Cerro Navia,2028-07-21,88.41666666666667
Cerro Navia,2028-08-20,36.36805555555556
Cerro Navia,2028-08-21,20.933333333333334
Cerro Navia,2028-09-20,19.26388888888889
Cerro Navia,2028-09-21,18.458333333333332
Cerro Navia,2028-10-20,12.9375
Cerro Navia,2028-10-21,13.958333333333334
Cerro Navia,2028-11-20,13.0625
Cerro Navia,2028-11-21,5.521739130434782
Cerro Navia,2028-12-20,14.215277777777779
Cerro Navia,2028-12-21,6.125
Cerro Navia,2029-01-20,13.784722222222221
Cerro Navia,2029-01-21,10.625
Cerro Navia,2029-02-20,25.458333333333332
Cerro Navia,2029-02-21,9.541666666666666
Cerro Navia,2029-03-20,20.216783216783217
Cerro Navia,2029-03-21,23.041666666666668
Cerro Navia,2029-04-20,31.006944444444443
Cerro Navia,2029-04-21,8.333333333333334
Cerro Navia,2029-05-20,44.780141843971634
Cerro Navia,2029-05-21,62.833333333333336
Cerro Navia,2029-06-20,50.82517482517483
Cerro Navia,2029-06-21,138.16666666666666
Cerro Navia,2029-07-20,59.73571428571429
Cerro Navia,2029-07-21,70.125
Cerro Navia,2029-08-20,29.678321678321677
Cerro Navia,2029-08-21,16.416666666666668
Cerro Navia,2029-09-20,17.04964539007092
Cerro Navia,2029-09-21,13.708333333333334
Cerro Navia,2029-10-20,12.68
Cerro Navia,2029-10-21,10.73913043478261
Cerro Navia,2029-11-20,13.335877862595419
Cerro Navia,2029-11-21,8.833333333333334
Cerro Navia,2029-12-20,16.402877697841728
Cerro Navia,2029-12-21,9.375
Cerro Navia,2030-01-20,14.88888888888889
Cerro Navia,2030-01-21,14.090909090909092
Cerro Navia,2030-03-20,23.88
Cerro Navia,2030-03-21,21.166666666666668
Cerro Navia,2030-04-20,37.583333333333336
Cerro Navia,2030-04-21,4.875
Cerro Navia,2030-05-20,49.25694444444444
Cerro Navia,2030-05-21,82.625
Cerro Navia,2030-06-20,59.48936170212766
Cerro Navia,2030-06-21,107.79166666666667
Cerro Navia,2030-07-20,51.57342657342657
Cerro Navia,2030-07-21,52.458333333333336
Cerro Navia,2030-08-20,22.92361111111111
Cerro Navia,2030-08-21,20.583333333333332
Cerro Navia,2030-09-20,16.74468085106383
Cerro Navia,2030-09-21,10.5
Cerro Navia,2030-10-20,12.38888888888889
Cerro Navia,2030-10-21,11.625
Cerro Navia,2030-11-20,14.225
Cerro Navia,2030-11-21,8.083333333333334
Cerro Navia,2030-12-20,14.618055555555555
Cerro Navia,2030-12-21,11.166666666666666
Cerro Navia,2031-01-20,15.215277777777779
Cerro Navia,2031-01-21,12.928571428571429
Cerro Navia,2031-03-20,21.18867924528302
Cerro Navia,2031-03-21,11.166666666666666
Cerro Navia,2031-05-20,48.09722222222222
Cerro Navia,2031-05-21,74.29166666666667
Cerro Navia,2031-07-20,64.92361111111111
Cerro Navia,2031-07-21,43.458333333333336
Cerro Navia,2031-08-20,25.368055555555557
Cerro Navia,2031-08-21,48.833333333333336
Cerro Navia,2031-10-20,14.729166666666666
Cerro Navia,2031-10-21,11.375
Cerro Navia,2031-12-20,20.833333333333332
Cerro Navia,2031-12-21,10.125
El Bosque,2001-01-20,19.111888111888113
El Bosque,2001-01-21,10.5
El Bosque,2001-02-20,17.979166666666668
El Bosque,2001-02-21,14.066666666666666
El Bosque,2001-03-20,17.625
El Bosque,2001-03-21,14.416666666666666
El Bosque,2001-04-20,25.875862068965517
El Bosque,2001-04-21,14.458333333333334
El Bosque,2001-05-20,42.375
El Bosque,2001-05-21,14.541666666666666
El Bosque,2001-06-20,51.458333333333336
El Bosque,2001-06-21,63.791666666666664
El Bosque,2001-07-20,46.00709219858156
El Bosque,2001-07-21,55.416666666666664
El Bosque,2001-08-20,57.076388888888886
El Bosque,2001-08-21,26.791666666666668
El Bosque,2001-09-20,30.229166666666668
El Bosque,2001-09-21,39.666666666666664
El Bosque,2001-10-20,15.256944444444445
El Bosque,2001-10-21,11.125
El Bosque,2001-11-20,13.770833333333334
El Bosque,2001-11-21,9.083333333333334
El Bosque,2001-12-20,15.645833333333334
El Bosque,2001-12-21,7.958333333333333
El Bosque,2002-01-20,13.284722222222221
El Bosque,2002-01-21,13.541666666666666
El Bosque,2002-02-20,19.36111111111111
El Bosque,2002-02-21,15.958333333333334
El Bosque,2002-03-20,20.6
El Bosque,2002-03-21,16.583333333333332
El Bosque,2002-04-20,28.641379310344828
El Bosque,2002-04-21,21
El Bosque,2002-05-20,34.604166666666664
El Bosque,2002-05-21,24.208333333333332
El Bosque,2002-06-20,52.78472222222222
El Bosque,2002-06-21,72.91666666666667
El Bosque,2002-07-20,51.90277777777778
El Bosque,2002-07-21,33.583333333333336
El Bosque,2002-08-20,54.36805555555556
El Bosque,2002-08-21,6.916666666666667
El Bosque,2002-09-20,33.895833333333336
El Bosque,2002-09-21,14.416666666666666
El Bosque,2002-10-20,15.160839160839162
El Bosque,2002-10-21,17.25
El Bosque,2002-11-20,14.118055555555555
El Bosque,2002-11-21,11.208333333333334
El Bosque,2002-12-20,15.553846153846154
El Bosque,2002-12-21,10.583333333333334
El Bosque,2003-01-20,15.625
El Bosque,2003-01-21,18
El Bosque,2003-02-20,20.23076923076923
El Bosque,2003-02-21,13.625
El Bosque,2003-03-20,18.75
El Bosque,2003-03-21,12.375
El Bosque,2003-04-20,28.213793103448275
El Bosque,2003-04-21,18.833333333333332
El Bosque,2003-05-20,34.90277777777778
El Bosque,2003-05-21,28.25
El Bosque,2003-06-20,36.138888888888886
El Bosque,2003-06-21,49.875
El Bosque,2003-07-20,64.92361111111111
El Bosque,2003-07-21,34.208333333333336
El Bosque,2003-08-20,58.15277777777778
El Bosque,2003-08-21,34.625
El Bosque,2003-09-20,30.895104895104897
El Bosque,2003-09-21,18.791666666666668
El Bosque,2003-10-20,13.430555555555555
El Bosque,2003-10-21,26.791666666666668
El Bosque,2003-11-20,13.843971631205674
El Bosque,2003-11-21,9.041666666666666
El Bosque,2003-12-20,15.791666666666666
El Bosque,2003-12-21,14.75
El Bosque,2004-01-20,17.36111111111111
El Bosque,2004-01-21,16.625
El Bosque,2004-02-20,17.319444444444443
El Bosque,2004-02-21,25.541666666666668
El Bosque,2004-03-20,17.91111111111111
El Bosque,2004-03-21,18.545454545454547
El Bosque,2004-04-20,25.75862068965517
El Bosque,2004-04-21,20.318181818181817
El Bosque,2004-05-20,33.375
El Bosque,2004-05-21,31.208333333333332
El Bosque,2004-06-20,43.352112676056336
El Bosque,2004-06-21,69.08333333333333
El Bosque,2004-07-20,51.693548387096776
El Bosque,2004-07-21,29.708333333333332
El Bosque,2004-08-20,55.541666666666664
El Bosque,2004-08-21,34.625
El Bosque,2004-09-20,30.363636363636363
El Bosque,2004-09-21,27.541666666666668
El Bosque,2004-10-20,17.493055555555557
El Bosque,2004-10-21,23.208333333333332
El Bosque,2004-11-20,14.13888888888889
El Bosque,2004-11-21,9.791666666666666
El Bosque,2004-12-20,15.421052631578947
El Bosque,2004-12-21,17.208333333333332
El Bosque,2005-01-20,16
El Bosque,2005-01-21,13.5
El Bosque,2005-02-20,18.014388489208635
El Bosque,2005-02-21,21.458333333333332
El Bosque,2005-03-20,17.437956204379564
El Bosque,2005-04-20,24.28472222222222
El Bosque,2005-04-21,21.791666666666668
El Bosque,2005-05-20,38.41258741258741
El Bosque,2005-05-21,29.25
El Bosque,2005-06-20,42.354166666666664
El Bosque,2005-06-21,54.375
El Bosque,2005-07-20,47.37404580152672
El Bosque,2005-07-21,64.83333333333333
El Bosque,2005-08-20,48.46853146853147
El Bosque,2005-08-21,25.15
El Bosque,2005-09-20,31.447552447552447
El Bosque,2005-09-21,29.541666666666668
El Bosque,2005-10-20,20.819444444444443
El Bosque,2005-10-21,17.083333333333332
El Bosque,2005-11-20,14.3125
El Bosque,2005-11-21,13.208333333333334
El Bosque,2005-12-20,18.263636363636362
El Bosque,2005-12-21,9.916666666666666
El Bosque,2006-01-20,16.96527777777778
El Bosque,2006-01-21,11.875
El Bosque,2006-02-20,23.46923076923077
El Bosque,2006-02-21,20.09090909090909
El Bosque,2006-03-20,18.02173913043478
El Bosque,2006-04-20,22.93103448275862
El Bosque,2006-04-21,17.68
El Bosque,2006-05-20,43.90277777777778
El Bosque,2006-05-21,23.666666666666668
El Bosque,2006-06-20,39.611111111111114
El Bosque,2006-06-21,75.41666666666667
El Bosque,2006-07-20,41.895833333333336
El Bosque,2006-07-21,52.791666666666664
El Bosque,2006-08-20,41.486111111111114
El Bosque,2006-08-21,9.291666666666666
El Bosque,2006-09-20,24.447552447552447
El Bosque,2006-09-21,24.166666666666668
El Bosque,2006-10-20,20.09722222222222
El Bosque,2006-10-21,16.541666666666668
El Bosque,2006-11-20,16.32638888888889
El Bosque,2006-11-21,14.75
El Bosque,2006-12-20,16.92079207920792
El Bosque,2006-12-21,12.208333333333334
El Bosque,2007-01-20,15.791666666666666
El Bosque,2007-01-21,7.583333333333333
El Bosque,2007-02-20,28.321678321678323
El Bosque,2007-02-21,14.541666666666666
El Bosque,2007-03-20,17.46527777777778
El Bosque,2007-04-20,22.145833333333332
El Bosque,2007-04-21,24.541666666666668
El Bosque,2007-05-20,40.479166666666664
El Bosque,2007-05-21,14.043478260869565
El Bosque,2007-06-20,49.513888888888886
El Bosque,2007-06-21,70.54166666666667
El Bosque,2007-07-20,56.729166666666664
El Bosque,2007-07-21,65.25
El Bosque,2007-08-20,31.90972222222222
El Bosque,2007-08-21,22.458333333333332
El Bosque,2007-09-20,18.692857142857143
El Bosque,2007-09-21,21.458333333333332
El Bosque,2007-10-20,21.573426573426573
El Bosque,2007-10-21,14.541666666666666
El Bosque,2007-11-20,17.755555555555556
El Bosque,2007-11-21,18.791666666666668
El Bosque,2007-12-20,20.428571428571427
El Bosque,2007-12-21,15.625
El Bosque,2008-01-20,11.729166666666666
El Bosque,2008-01-21,9.73913043478261
El Bosque,2008-02-20,26.006944444444443
El Bosque,2008-02-21,10.708333333333334
El Bosque,2008-03-20,16.134751773049647
El Bosque,2008-03-21,9.666666666666666
El Bosque,2008-04-20,25.208333333333332
El Bosque,2008-04-21,27.791666666666668
El Bosque,2008-05-20,39.74825174825175
El Bosque,2008-05-21,25.625
El Bosque,2008-06-20,52.5
El Bosque,2008-06-21,30
El Bosque,2008-07-20,52.888888888888886
El Bosque,2008-07-21,71.5
El Bosque,2008-08-20,44.513888888888886
El Bosque,2008-08-21,43.125
El Bosque,2008-09-20,24.32867132867133
El Bosque,2008-09-21,32.04347826086956
El Bosque,2008-10-20,14.776978417266188
El Bosque,2008-10-21,7.833333333333333
El Bosque,2008-11-20,18.733333333333334
El Bosque,2008-11-21,19.833333333333332
El Bosque,2008-12-20,15.320610687022901
El Bosque,2008-12-21,9.956521739130435
El Bosque,2009-01-20,11.908450704225352
El Bosque,2009-01-21,10.125
El Bosque,2009-02-20,29.36111111111111
El Bosque,2009-02-21,12.583333333333334
El Bosque,2009-03-20,18.914728682170544
El Bosque,2009-03-21,16.833333333333332
El Bosque,2009-04-20,21.42361111111111
El Bosque,2009-04-21,32.166666666666664
El Bosque,2009-05-20,38.40559440559441
El Bosque,2009-05-21,44
El Bosque,2009-06-20,41.479166666666664
El Bosque,2009-06-21,10.416666666666666
El Bosque,2009-07-20,47.423611111111114
El Bosque,2009-07-21,48.75
El Bosque,2009-08-20,48.611111111111114
El Bosque,2009-08-21,43.791666666666664
El Bosque,2009-09-20,33.40972222222222
El Bosque,2009-09-21,29.583333333333332
El Bosque,2009-10-20,18.65972222222222
El Bosque,2009-10-21,16.375
El Bosque,2009-11-20,15.525
El Bosque,2009-11-21,16
El Bosque,2009-12-20,13.291666666666666
El Bosque,2009-12-21,15.818181818181818
El Bosque,2010-01-20,12.645833333333334
El Bosque,2010-01-21,12.708333333333334
El Bosque,2010-02-20,26.96527777777778
El Bosque,2010-02-21,12.583333333333334
El Bosque,2010-03-20,16.383333333333333
El Bosque,2010-03-21,17.541666666666668
El Bosque,2010-04-20,22.666666666666668
El Bosque,2010-04-21,25.25
El Bosque,2010-05-20,42.72222222222222
El Bosque,2010-05-21,45.75
El Bosque,2010-06-20,47.97222222222222
El Bosque,2010-06-21,29.083333333333332
El Bosque,2010-07-20,51.56944444444444
El Bosque,2010-07-21,44.45454545454545
El Bosque,2010-08-20,40.34722222222222
El Bosque,2010-08-21,41.875
El Bosque,2010-09-20,32.44055944055944
El Bosque,2010-09-21,17.083333333333332
El Bosque,2010-10-20,19.32638888888889
El Bosque,2010-10-21,19.791666666666668
El Bosque,2010-11-20,16.308333333333334
El Bosque,2010-11-21,10.045454545454545
El Bosque,2010-12-20,16.51388888888889
El Bosque,2010-12-21,18.583333333333332
El Bosque,2011-01-20,13.971014492753623
El Bosque,2011-01-21,13.625
El Bosque,2011-02-20,25.42361111111111
El Bosque,2011-02-21,8.791666666666666
El Bosque,2011-03-20,17.725
El Bosque,2011-03-21,17.083333333333332
El Bosque,2011-04-20,21.48611111111111
El Bosque,2011-04-21,16.958333333333332
El Bosque,2011-05-20,47.04225352112676
El Bosque,2011-05-21,46.625
El Bosque,2011-06-20,46.576388888888886
El Bosque,2011-06-21,54.125
El Bosque,2011-07-20,52.986111111111114
El Bosque,2011-07-21,70.91666666666667
El Bosque,2011-08-20,35.03472222222222
El Bosque,2011-09-20,18.307692307692307
El Bosque,2011-09-21,15.375
El Bosque,2011-10-20,19.14788732394366
El Bosque,2011-10-21,15.958333333333334
El Bosque,2011-11-20,12.533898305084746
El Bosque,2011-11-21,8
El Bosque,2011-12-20,13.81159420289855
El Bosque,2011-12-21,18.083333333333332
El Bosque,2012-01-20,14.319444444444445
El Bosque,2012-01-21,14.695652173913043
El Bosque,2012-02-20,26.163120567375888
El Bosque,2012-02-21,11.125
El Bosque,2012-03-20,17.80952380952381
El Bosque,2012-03-21,11.833333333333334
El Bosque,2012-04-20,23.145833333333332
El Bosque,2012-04-21,22.041666666666668
El Bosque,2012-05-20,44.44827586206897
El Bosque,2012-05-21,38.333333333333336
El Bosque,2012-06-20,53.65034965034965
El Bosque,2012-06-21,31.166666666666668
El Bosque,2012-07-20,57.05555555555556
El Bosque,2012-07-21,78.29166666666667
El Bosque,2012-08-20,40.68531468531469
El Bosque,2012-08-21,49.625
El Bosque,2012-09-20,23.957142857142856
El Bosque,2012-09-21,23.125
El Bosque,2012-10-20,22.802919708029197
El Bosque,2012-10-21,19.5
El Bosque,2012-11-20,12.364406779661017
El Bosque,2012-11-21,12.708333333333334
El Bosque,2012-12-20,13.763779527559056
El Bosque,2012-12-21,12.333333333333334
El Bosque,2013-01-20,13.79861111111111
El Bosque,2013-01-21,10.875
El Bosque,2013-02-20,16.84722222222222
El Bosque,2013-02-21,15.041666666666666
El Bosque,2013-03-20,18.05217391304348
El Bosque,2013-03-21,12.916666666666666
El Bosque,2013-04-20,30.04225352112676
El Bosque,2013-04-21,26.625
El Bosque,2013-05-20,52.88811188811189
El Bosque,2013-05-21,43.875
El Bosque,2013-06-20,49.84027777777778
El Bosque,2013-06-21,8.833333333333334
El Bosque,2013-07-20,63.014084507042256
El Bosque,2013-07-21,115.125
El Bosque,2013-08-20,49.81021897810219
El Bosque,2013-08-21,37.125
El Bosque,2013-09-20,21.75
El Bosque,2013-09-21,20.625
El Bosque,2013-10-20,20.118055555555557
El Bosque,2013-10-21,19.708333333333332
El Bosque,2013-11-20,11.541666666666666
El Bosque,2013-11-21,18.25
El Bosque,2013-12-20,12.351145038167939
El Bosque,2013-12-21,16.375
El Bosque,2014-01-20,14.153846153846153
El Bosque,2014-01-21,9.541666666666666
El Bosque,2014-02-20,19.54225352112676
El Bosque,2014-02-21,13.208333333333334
El Bosque,2014-03-20,18.094202898550726
El Bosque,2014-03-21,12.666666666666666
El Bosque,2014-04-20,30.536
El Bosque,2014-04-21,15.333333333333334
El Bosque,2014-05-20,50.923611111111114
El Bosque,2014-05-21,52.21739130434783
El Bosque,2014-06-20,48.41958041958042
El Bosque,2014-06-21,14.416666666666666
El Bosque,2014-07-20,54.25
El Bosque,2014-07-21,100.70833333333333
El Bosque,2014-08-20,46.83802816901409
El Bosque,2014-08-21,47.958333333333336
El Bosque,2014-09-20,28.46527777777778
El Bosque,2014-09-21,30.75
El Bosque,2014-10-20,16.270833333333332
El Bosque,2014-10-21,19.5
El Bosque,2014-11-20,13.366666666666667
El Bosque,2014-11-21,23.041666666666668
El Bosque,2014-12-20,12.496350364963504
El Bosque,2014-12-21,17.125
El Bosque,2015-01-20,14.45138888888889
El Bosque,2015-01-21,11.916666666666666
El Bosque,2015-02-20,21.631944444444443
El Bosque,2015-02-21,13.666666666666666
El Bosque,2015-03-20,19.921259842519685
El Bosque,2015-03-21,17.458333333333332
El Bosque,2015-04-20,28.708333333333332
El Bosque,2015-04-21,15.291666666666666
El Bosque,2015-05-20,53.90277777777778
El Bosque,2015-05-21,36.416666666666664
El Bosque,2015-06-20,49.88194444444444
El Bosque,2015-06-21,54.25
El Bosque,2015-07-20,49.90277777777778
El Bosque,2015-07-21,88.16666666666667
El Bosque,2015-08-20,38.18248175182482
El Bosque,2015-08-21,65.54166666666667
El Bosque,2015-09-20,25.083916083916083
El Bosque,2015-09-21,22.166666666666668
El Bosque,2015-10-20,19.57638888888889
El Bosque,2015-10-21,22.541666666666668
El Bosque,2015-11-20,13.175
El Bosque,2015-11-21,17.75
El Bosque,2015-12-20,17.95774647887324
El Bosque,2015-12-21,13.083333333333334
El Bosque,2016-01-20,14.636363636363637
El Bosque,2016-01-21,9.916666666666666
El Bosque,2016-02-20,17.3
El Bosque,2016-02-21,15.041666666666666
El Bosque,2016-03-20,17.236641221374047
El Bosque,2016-03-21,19
El Bosque,2016-04-20,36.73880597014925
El Bosque,2016-04-21,23.25
El Bosque,2016-05-20,54.568345323741006
El Bosque,2016-05-21,33.166666666666664
El Bosque,2016-06-20,57.5
El Bosque,2016-06-21,62.166666666666664
El Bosque,2016-07-20,60.666666666666664
El Bosque,2016-07-21,62.375
El Bosque,2016-08-20,34.10526315789474
El Bosque,2016-08-21,39
El Bosque,2016-09-20,22.61111111111111
El Bosque,2016-09-21,25.291666666666668
El Bosque,2016-10-20,16.743055555555557
El Bosque,2016-10-21,14.625
El Bosque,2016-11-20,12.716666666666667
El Bosque,2016-11-21,13.416666666666666
El Bosque,2016-12-20,20.291666666666668
El Bosque,2016-12-21,13.75
El Bosque,2017-01-20,15.32638888888889
El Bosque,2017-01-21,14.041666666666666
El Bosque,2017-02-20,16.711111111111112
El Bosque,2017-02-21,14.166666666666666
El Bosque,2017-03-20,17.069444444444443
El Bosque,2017-03-21,16.5
El Bosque,2017-04-20,31.29861111111111
El Bosque,2017-04-21,23.82608695652174
El Bosque,2017-05-20,44.2734375
El Bosque,2017-05-21,41.291666666666664
El Bosque,2017-06-20,54.47222222222222
El Bosque,2017-06-21,42.458333333333336
El Bosque,2017-07-20,62.548611111111114
El Bosque,2017-07-21,53.791666666666664
El Bosque,2017-08-20,29.95138888888889
El Bosque,2017-08-21,30.125
El Bosque,2017-09-20,23.708333333333332
El Bosque,2017-09-21,30.208333333333332
El Bosque,2017-10-20,16.26388888888889
El Bosque,2017-10-21,21.708333333333332
El Bosque,2017-11-20,13.591666666666667
El Bosque,2017-11-21,12.5
El Bosque,2017-12-20,14.9375
El Bosque,2017-12-21,14.666666666666666
El Bosque,2018-01-20,18.805555555555557
El Bosque,2018-01-21,13.625
El Bosque,2018-02-20,17.569444444444443
El Bosque,2018-02-21,12
El Bosque,2018-03-20,17.868055555555557
El Bosque,2018-03-21,18.958333333333332
El Bosque,2018-04-20,33
El Bosque,2018-04-21,26.166666666666668
El Bosque,2018-05-20,40.99248120300752
El Bosque,2018-05-21,56.666666666666664
El Bosque,2018-06-20,59.06944444444444
El Bosque,2018-06-21,10.083333333333334
El Bosque,2018-07-20,51.97222222222222
El Bosque,2018-07-21,43.541666666666664
El Bosque,2018-08-20,26.930555555555557
El Bosque,2018-08-21,31.208333333333332
El Bosque,2018-09-20,20.819444444444443
El Bosque,2018-09-21,35.333333333333336
El Bosque,2018-10-20,15.534722222222221
El Bosque,2018-10-21,23.785714285714285
El Bosque,2018-11-20,16.425
El Bosque,2018-11-21,15.208333333333334
El Bosque,2018-12-20,12.791666666666666
El Bosque,2018-12-21,16.083333333333332
El Bosque,2019-01-20,18.59027777777778
El Bosque,2019-01-21,15.75
El Bosque,2019-02-20,18.09722222222222
El Bosque,2019-02-21,17
El Bosque,2019-03-20,18.223776223776223
El Bosque,2019-03-21,18.25
El Bosque,2019-04-20,28.833333333333332
El Bosque,2019-04-21,26.166666666666668
El Bosque,2019-05-20,41.125
El Bosque,2019-05-21,64.5
El Bosque,2019-06-20,67.625
El Bosque,2019-06-21,21.166666666666668
El Bosque,2019-07-20,50.34265734265734
El Bosque,2019-07-21,57.25
El Bosque,2019-08-20,36.65972222222222
El Bosque,2019-08-21,27.916666666666668
El Bosque,2019-09-20,21.680555555555557
El Bosque,2019-09-21,12.5
El Bosque,2019-10-20,17.944444444444443
El Bosque,2019-11-20,15.608333333333333
El Bosque,2019-11-21,13.416666666666666
El Bosque,2019-12-20,15.366197183098592
El Bosque,2019-12-21,18.652173913043477
El Bosque,2020-01-20,17
El Bosque,2020-01-21,20.125
El Bosque,2020-02-20,15.85820895522388
El Bosque,2020-02-21,11.208333333333334
El Bosque,2020-03-20,20.90277777777778
El Bosque,2020-03-21,14.25
El Bosque,2020-04-20,27.51388888888889
El Bosque,2020-04-21,39.25
El Bosque,2020-05-20,32.770833333333336
El Bosque,2020-05-21,32.5
El Bosque,2020-06-20,59.36690647482014
El Bosque,2020-06-21,30.625
El Bosque,2020-07-20,49.50349650349651
El Bosque,2020-07-21,59.791666666666664
El Bosque,2020-08-20,37.916666666666664
El Bosque,2020-08-21,25.916666666666668
El Bosque,2020-09-20,23.041666666666668
El Bosque,2020-09-21,35.083333333333336
El Bosque,2020-10-20,16.083333333333332
El Bosque,2020-11-20,15.920353982300885
El Bosque,2020-11-21,15.208333333333334
El Bosque,2020-12-20,14.51388888888889
El Bosque,2020-12-21,26.375
El Bosque,2021-01-20,16.583333333333332
El Bosque,2021-01-21,17
El Bosque,2021-02-20,16.03053435114504
El Bosque,2021-02-21,9.375
El Bosque,2021-03-20,19.041666666666668
El Bosque,2021-03-21,23.125
El Bosque,2021-04-20,24.395833333333332
El Bosque,2021-04-21,22.5
El Bosque,2021-05-20,33.34027777777778
El Bosque,2021-05-21,15.791666666666666
El Bosque,2021-06-20,57.395833333333336
El Bosque,2021-06-21,10.833333333333334
El Bosque,2021-07-20,39.0625
El Bosque,2021-07-21,42.125
El Bosque,2021-08-20,38.1875
El Bosque,2021-08-21,25.333333333333332
El Bosque,2021-09-20,22.369230769230768
El Bosque,2021-09-21,13.916666666666666
El Bosque,2021-10-20,23.67361111111111
El Bosque,2021-10-21,8.642857142857142
El Bosque,2021-11-20,14.675
El Bosque,2021-11-21,16.875
El Bosque,2021-12-20,17.54861111111111
El Bosque,2021-12-21,23.166666666666668
El Bosque,2022-01-20,17.59722222222222
El Bosque,2022-01-21,23.833333333333332
El Bosque,2022-02-20,17.157894736842106
El Bosque,2022-02-21,6.208333333333333
El Bosque,2022-03-20,19.60431654676259
El Bosque,2022-03-21,20.166666666666668
El Bosque,2022-04-20,28.52857142857143
El Bosque,2022-04-21,17.041666666666668
El Bosque,2022-05-20,40.4375
El Bosque,2022-05-21,18.25
El Bosque,2022-06-20,46.36363636363637
El Bosque,2022-06-21,8.791666666666666
El Bosque,2022-07-20,46.27777777777778
El Bosque,2022-07-21,47.56521739130435
El Bosque,2022-08-20,32.576388888888886
El Bosque,2022-08-21,15.541666666666666
El Bosque,2022-09-20,17.872180451127818
El Bosque,2022-09-21,12.666666666666666
El Bosque,2022-10-20,20.4375
El Bosque,2022-10-21,14.041666666666666
El Bosque,2022-11-20,15.233333333333333
El Bosque,2022-11-21,11.541666666666666
El Bosque,2022-12-20,16.816901408450704
El Bosque,2022-12-21,25.25
El Bosque,2023-01-20,15.902097902097902
El Bosque,2023-01-21,16.083333333333332
El Bosque,2023-02-20,16.070921985815602
El Bosque,2023-02-21,10.25
El Bosque,2023-03-20,19.270833333333332
El Bosque,2023-03-21,16.25
El Bosque,2023-04-20,28.153846153846153
El Bosque,2023-04-21,23.625
El Bosque,2023-05-20,44.90972222222222
El Bosque,2023-05-21,16.916666666666668
El Bosque,2023-06-20,38.895833333333336
El Bosque,2023-06-21,12.208333333333334
El Bosque,2023-07-20,52.36363636363637
El Bosque,2023-07-21,38.583333333333336
El Bosque,2023-08-20,27.131944444444443
El Bosque,2023-08-21,23
El Bosque,2023-09-20,22.854166666666668
El Bosque,2023-09-21,10.333333333333334
El Bosque,2023-10-20,17.720588235294116
El Bosque,2023-10-21,7.75
El Bosque,2023-11-20,15.275
El Bosque,2023-11-21,10.875
El Bosque,2023-12-20,15.8796992481203
El Bosque,2023-12-21,18.125
El Bosque,2024-01-20,16.47222222222222
El Bosque,2024-01-21,21.714285714285715
El Bosque,2024-02-20,16.708333333333332
El Bosque,2024-02-21,10.25
El Bosque,2024-03-20,21.267175572519083
El Bosque,2024-03-21,13.833333333333334
El Bosque,2024-04-20,31.29861111111111
El Bosque,2024-04-21,25.125
El Bosque,2024-05-20,41.354166666666664
El Bosque,2024-05-21,45.541666666666664
El Bosque,2024-06-20,37.556338028169016
El Bosque,2024-06-21,19.166666666666668
El Bosque,2024-07-20,54.04477611940298
El Bosque,2024-07-21,53.958333333333336
El Bosque,2024-08-11,44
El Bosque,2024-08-20,29.895833333333332
El Bosque,2024-08-21,59.541666666666664
El Bosque,2024-09-20,23.53472222222222
El Bosque,2024-09-21,19.916666666666668
El Bosque,2024-10-20,15.11111111111111
El Bosque,2024-10-21,13.833333333333334
El Bosque,2024-11-20,11.925
El Bosque,2024-11-21,10.125
El Bosque,2024-12-20,16.84732824427481
El Bosque,2024-12-21,17.333333333333332
El Bosque,2025-01-20,17.36111111111111
El Bosque,2025-01-21,19.4
El Bosque,2025-02-20,17.055555555555557
El Bosque,2025-02-21,11.833333333333334
El Bosque,2025-03-20,20.177570093457945
El Bosque,2025-03-21,16
El Bosque,2025-04-20,28.95774647887324
El Bosque,2025-04-21,21.291666666666668
El Bosque,2025-05-20,43.166666666666664
El Bosque,2025-05-21,29.791666666666668
El Bosque,2025-06-20,41.65972222222222
El Bosque,2025-06-21,33.875
El Bosque,2025-07-20,48.958333333333336
El Bosque,2025-07-21,53.666666666666664
El Bosque,2025-08-20,29.944444444444443
El Bosque,2025-08-21,37.25
El Bosque,2025-09-20,19.78030303030303
El Bosque,2025-09-21,17.25
El Bosque,2025-10-20,15.615384615384615
El Bosque,2025-10-21,11.25
El Bosque,2025-11-20,12.458333333333334
El Bosque,2025-11-21,10.333333333333334
El Bosque,2025-12-20,17.020833333333332
El Bosque,2025-12-21,14.25
El Bosque,2026-01-20,16.65972222222222
El Bosque,2026-01-21,9.5
El Bosque,2026-02-20,18.416666666666668
El Bosque,2026-02-21,14.75
El Bosque,2026-03-20,20.941747572815533
El Bosque,2026-03-21,19.416666666666668
El Bosque,2026-04-20,29.111888111888113
El Bosque,2026-04-21,20.625
El Bosque,2026-05-20,48.13286713286713
El Bosque,2026-05-21,34.666666666666664
El Bosque,2026-06-20,46.21527777777778
El Bosque,2026-06-21,55.083333333333336
El Bosque,2026-07-20,51.388888888888886
El Bosque,2026-07-21,53.5
El Bosque,2026-08-20,32.979166666666664
El Bosque,2026-08-21,33.666666666666664
El Bosque,2026-09-20,17.714285714285715
El Bosque,2026-09-21,28.5
El Bosque,2026-10-20,16.34722222222222
El Bosque,2026-10-21,16
El Bosque,2026-11-20,16.283333333333335
El Bosque,2026-11-21,9.583333333333334
El Bosque,2026-12-20,14.45138888888889
El Bosque,2026-12-21,13.375
El Bosque,2027-01-20,18.444444444444443
El Bosque,2027-01-21,12
El Bosque,2027-02-20,17.832167832167833
El Bosque,2027-02-21,16.375
El Bosque,2027-03-20,24.558823529411764
El Bosque,2027-03-21,18.666666666666668
El Bosque,2027-04-20,34.25
El Bosque,2027-04-21,16.375
El Bosque,2027-05-20,55.68055555555556
El Bosque,2027-05-21,53.541666666666664
El Bosque,2027-06-20,57.55395683453237
El Bosque,2027-06-21,34.791666666666664
El Bosque,2027-07-20,50.583333333333336
El Bosque,2027-07-21,36
El Bosque,2027-08-20,33.0625
El Bosque,2027-08-21,34.125
El Bosque,2027-09-20,17.075757575757574
El Bosque,2027-09-21,30
El Bosque,2027-10-20,14.381944444444445
El Bosque,2027-10-21,18.208333333333332
El Bosque,2027-11-20,14.883333333333333
El Bosque,2027-11-21,9.583333333333334
El Bosque,2027-12-20,15.767605633802816
El Bosque,2027-12-21,12.333333333333334
El Bosque,2028-01-20,18.965034965034967
El Bosque,2028-01-21,12.291666666666666
El Bosque,2028-02-20,18.94814814814815
El Bosque,2028-02-21,13.466666666666667
El Bosque,2028-03-20,29.327102803738317
El Bosque,2028-03-21,24.041666666666668
El Bosque,2028-04-20,37.354166666666664
El Bosque,2028-04-21,27.208333333333332
El Bosque,2028-05-20,57.1875
El Bosque,2028-05-21,47.458333333333336
El Bosque,2028-06-20,54.32374100719424
El Bosque,2028-06-21,48.958333333333336
El Bosque,2028-07-20,57.326241134751776
El Bosque,2028-07-21,68.83333333333333
El Bosque,2028-08-20,35.416666666666664
El Bosque,2028-08-21,36.541666666666664
El Bosque,2028-09-20,17.319444444444443
El Bosque,2028-09-21,28.75
El Bosque,2028-10-20,15.069444444444445
El Bosque,2028-10-21,24.416666666666668
El Bosque,2028-11-20,16.983333333333334
El Bosque,2028-11-21,10.333333333333334
El Bosque,2028-12-20,16.506944444444443
El Bosque,2028-12-21,11.333333333333334
El Bosque,2029-01-20,15.409722222222221
El Bosque,2029-01-21,15.458333333333334
El Bosque,2029-02-20,32
El Bosque,2029-02-21,8.636363636363637
El Bosque,2029-03-20,26.8062015503876
El Bosque,2029-03-21,27.125
El Bosque,2029-04-20,29.82638888888889
El Bosque,2029-04-21,15.5
El Bosque,2029-05-20,43.41549295774648
El Bosque,2029-05-21,58.583333333333336
El Bosque,2029-06-20,43.548611111111114
El Bosque,2029-06-21,102.66666666666667
El Bosque,2029-07-20,54.09722222222222
El Bosque,2029-07-21,65.125
El Bosque,2029-08-20,28.666666666666668
El Bosque,2029-08-21,20.958333333333332
El Bosque,2029-09-20,18.21527777777778
El Bosque,2029-09-21,22.125
El Bosque,2029-10-20,13.881944444444445
El Bosque,2029-10-21,10.153846153846153
El Bosque,2029-11-20,14.241666666666667
El Bosque,2029-11-21,15
El Bosque,2029-12-20,14.972222222222221
El Bosque,2029-12-21,12.625
El Bosque,2030-01-20,16.020833333333332
El Bosque,2030-01-21,16.291666666666668
El Bosque,2030-03-20,24.381944444444443
El Bosque,2030-03-21,23.416666666666668
El Bosque,2030-04-20,39.9375
El Bosque,2030-04-21,11.375
El Bosque,2030-05-20,42.93706293706294
El Bosque,2030-05-21,64.875
El Bosque,2030-06-20,49.298611111111114
El Bosque,2030-06-21,68.54166666666667
El Bosque,2030-07-20,48.48951048951049
El Bosque,2030-07-21,63.958333333333336
El Bosque,2030-08-20,22.61111111111111
El Bosque,2030-08-21,20.416666666666668
El Bosque,2030-09-20,16.34027777777778
El Bosque,2030-09-21,11.043478260869565
El Bosque,2030-10-20,12.527777777777779
El Bosque,2030-10-21,16.166666666666668
El Bosque,2030-11-20,14.085271317829458
El Bosque,2030-11-21,14.75
El Bosque,2030-12-20,15.694444444444445
El Bosque,2030-12-21,15.708333333333334
El Bosque,2031-01-20,16.229166666666668
El Bosque,2031-01-21,20
El Bosque,2031-03-20,22.430555555555557
El Bosque,2031-03-21,13.541666666666666
El Bosque,2031-05-20,43.513888888888886
El Bosque,2031-05-21,67.33333333333333
El Bosque,2031-07-20,63.0625
El Bosque,2031-07-21,52.666666666666664
El Bosque,2031-08-20,26.375
El Bosque,2031-08-21,53.791666666666664
El Bosque,2031-10-20,15.881118881118882
El Bosque,2031-10-21,13.791666666666666
El Bosque,2031-12-20,19.51388888888889
El Bosque,2031-12-21,14.391304347826088
Independencia,2001-01-20,20.326315789473686
Independencia,2001-02-20,16.238095238095237
Independencia,2001-03-20,16.72340425531915
Independencia,2001-04-20,22.041666666666668
Independencia,2001-05-20,34.15625
Independencia,2001-06-20,34.197916666666664
Independencia,2001-07-20,41.46875
Independencia,2001-08-20,37.111111111111114
Independencia,2001-09-20,23.90277777777778
Independencia,2001-10-20,11.194444444444445
Independencia,2001-11-20,15.027777777777779
Independencia,2001-12-20,16.197183098591548
Independencia,2002-01-20,18.395833333333332
Independencia,2002-02-20,18.020833333333332
Independencia,2002-03-20,17.105263157894736
Independencia,2002-04-20,25.604166666666668
Independencia,2002-05-20,28.25531914893617
Independencia,2002-06-20,38.8125
Independencia,2002-07-20,40.552083333333336
Independencia,2002-08-20,44.44444444444444
Independencia,2002-09-20,27.944444444444443
Independencia,2002-10-20,15.277777777777779
Independencia,2002-11-20,12.527777777777779
Independencia,2002-12-20,15.855072463768115
Independencia,2003-01-20,17.71875
Independencia,2003-02-20,21.635416666666668
Independencia,2003-03-20,15.839506172839506
Independencia,2003-04-20,26.855670103092784
Independencia,2003-05-20,25.45744680851064
Independencia,2003-06-20,27.302083333333332
Independencia,2003-07-20,43.645833333333336
Independencia,2003-08-20,50.93055555555556
Independencia,2003-09-20,28.36111111111111
Independencia,2003-10-20,15.319444444444445
Independencia,2003-11-20,15.458333333333334
Independencia,2003-12-20,15.458333333333334
Independencia,2004-01-20,19.177083333333332
Independencia,2004-02-20,16.638297872340427
Independencia,2004-03-20,15.73611111111111
Independencia,2004-04-20,25.061855670103093
Independencia,2004-05-20,24.322916666666668
Independencia,2004-06-20,40.791666666666664
Independencia,2004-07-20,38.84375
Independencia,2004-08-20,47.26984126984127
Independencia,2004-09-20,28.98611111111111
Independencia,2004-10-20,15.984126984126984
Independencia,2004-11-20,13.083333333333334
Independencia,2004-12-20,13.873239436619718
Independencia,2005-01-20,17.072916666666668
Independencia,2005-02-20,17.520833333333332
Independencia,2005-03-20,17.75
Independencia,2005-04-20,21.655555555555555
Independencia,2005-05-20,27.166666666666668
Independencia,2005-06-20,42.40625
Independencia,2005-07-20,40.989583333333336
Independencia,2005-08-20,39.25
Independencia,2005-09-20,23.02777777777778
Independencia,2005-10-20,18.25
Independencia,2005-11-20,13.86111111111111
Independencia,2005-12-20,16.041666666666668
Independencia,2006-01-20,14.895833333333334
Independencia,2006-02-20,21.458333333333332
Independencia,2006-03-20,16.714285714285715
Independencia,2006-04-20,18.104166666666668
Independencia,2006-05-20,27.020833333333332
Independencia,2006-06-20,29.635416666666668
Independencia,2006-07-20,33.29032258064516
Independencia,2006-08-20,36.09722222222222
Independencia,2006-09-20,26.08450704225352
Independencia,2006-10-20,16.791666666666668
Independencia,2006-11-20,15.63888888888889
Independencia,2006-12-20,20
Independencia,2007-01-20,17.208333333333332
Independencia,2007-02-20,18.489583333333332
Independencia,2007-03-20,17.49438202247191
Independencia,2007-04-20,17.843373493975903
Independencia,2007-05-20,24.389473684210525
Independencia,2007-06-20,37.083333333333336
Independencia,2007-07-20,41.25
Independencia,2007-08-20,26.680555555555557
Independencia,2007-09-20,23.444444444444443
Independencia,2007-10-20,16.1875
Independencia,2007-11-20,19.125
Independencia,2007-12-20,17.569444444444443
Independencia,2008-01-20,13.125
Independencia,2008-02-20,16.021052631578947
Independencia,2008-03-20,15
Independencia,2008-04-20,20.526881720430108
Independencia,2008-05-20,29.552083333333332
Independencia,2008-06-20,47.114583333333336
Independencia,2008-07-20,43.010416666666664
Independencia,2008-08-20,34.50704225352113
Independencia,2008-09-20,24.239436619718308
Independencia,2008-10-20,16.649122807017545
Independencia,2008-11-20,22.97142857142857
Independencia,2008-12-20,13.027777777777779
Independencia,2009-01-20,12.875
Independencia,2009-02-20,15.041666666666666
Independencia,2009-03-20,17.864583333333332
Independencia,2009-04-20,19.408602150537636
Independencia,2009-05-20,26.041666666666668
Independencia,2009-06-20,36.583333333333336
Independencia,2009-07-20,44.5
Independencia,2009-08-20,35.22222222222222
Independencia,2009-09-20,24
Independencia,2009-10-20,20.13888888888889
Independencia,2009-11-20,18.12676056338028
Independencia,2009-12-20,12.63888888888889
Independencia,2010-01-20,13.2
Independencia,2010-02-20,19.53846153846154
Independencia,2010-03-20,14.583333333333334
Independencia,2010-04-20,21.322916666666668
Independencia,2010-05-20,28.385416666666668
Independencia,2010-06-20,34.291666666666664
Independencia,2010-07-20,56.666666666666664
Independencia,2010-08-20,42.583333333333336
Independencia,2010-09-20,23.51388888888889
Independencia,2010-10-20,24.23611111111111
Independencia,2010-11-20,16.014084507042252
Independencia,2010-12-20,13.444444444444445
Independencia,2011-01-20,14.572916666666666
Independencia,2011-02-20,19.510416666666668
Independencia,2011-03-20,14.65625
Independencia,2011-04-20,21.854166666666668
Independencia,2011-05-20,35.71875
Independencia,2011-06-20,34.0625
Independencia,2011-07-20,59.208333333333336
Independencia,2011-08-20,31.944444444444443
Independencia,2011-09-20,19.85
Independencia,2011-10-20,19.930555555555557
Independencia,2011-11-20,13.80281690140845
Independencia,2011-12-20,13.557142857142857
Independencia,2012-01-20,13.822916666666666
Independencia,2012-02-20,20.340425531914892
Independencia,2012-03-20,13.770833333333334
Independencia,2012-04-20,25.635416666666668
Independencia,2012-05-20,37.09278350515464
Independencia,2012-06-20,27.979166666666668
Independencia,2012-07-20,58.225806451612904
Independencia,2012-08-20,33.84507042253521
Independencia,2012-09-20,34.16901408450704
Independencia,2012-10-20,22.958333333333332
Independencia,2012-11-20,13.86111111111111
Independencia,2012-12-20,15.125
Independencia,2013-01-20,12.416666666666666
Independencia,2013-02-20,20.333333333333332
Independencia,2013-03-20,15.436170212765957
Independencia,2013-04-20,29.5625
Independencia,2013-05-20,44.135416666666664
Independencia,2013-06-20,32.427083333333336
Independencia,2013-07-20,61.385416666666664
Independencia,2013-08-20,40.166666666666664
Independencia,2013-09-20,26.13888888888889
Independencia,2013-10-20,24.958333333333332
Independencia,2013-11-20,14.819444444444445
Independencia,2013-12-20,12.083333333333334
Independencia,2014-01-20,14.0625
Independencia,2014-02-20,20.229166666666668
Independencia,2014-03-20,15.947916666666666
Independencia,2014-04-20,30.770833333333332
Independencia,2014-05-20,45.427083333333336
Independencia,2014-06-20,34.427083333333336
Independencia,2014-07-20,58.166666666666664
Independencia,2014-08-20,29.625
Independencia,2014-09-20,25.98611111111111
Independencia,2014-10-20,17.72222222222222
Independencia,2014-11-20,15.942857142857143
Independencia,2014-12-20,12.972222222222221
Independencia,2015-01-20,16.445652173913043
Independencia,2015-02-20,23.482758620689655
Independencia,2015-03-20,16.114583333333332
Independencia,2015-04-20,30.25263157894737
Independencia,2015-05-20,49.114583333333336
Independencia,2015-06-20,36.552083333333336
Independencia,2015-07-20,57.208333333333336
Independencia,2015-08-20,36.5
Independencia,2015-09-20,18.02777777777778
Independencia,2015-10-20,18.38888888888889
Independencia,2015-11-20,18.26388888888889
Independencia,2015-12-20,12
Independencia,2016-01-20,16.895833333333332
Independencia,2016-02-20,17.75
Independencia,2016-03-20,15.197916666666666
Independencia,2016-04-20,29.208333333333332
Independencia,2016-05-20,51
Independencia,2016-06-20,42
Independencia,2016-07-20,59.072916666666664
Independencia,2016-08-20,37.55555555555556
Independencia,2016-09-20,21.208333333333332
Independencia,2016-10-20,16.11111111111111
Independencia,2016-11-20,15.180555555555555
Independencia,2016-12-20,15.916666666666666
Independencia,2017-01-20,16.479166666666668
Independencia,2017-02-20,14.989583333333334
Independencia,2017-03-20,14.729166666666666
Independencia,2017-04-20,27.8125
Independencia,2017-05-20,34.239583333333336
Independencia,2017-06-20,32.739583333333336
Independencia,2017-07-20,53.5
Independencia,2017-08-20,30.819444444444443
Independencia,2017-09-20,25.805555555555557
Independencia,2017-10-20,17.97222222222222
Independencia,2017-11-20,15.857142857142858
Independencia,2017-12-20,17.805555555555557
Independencia,2018-01-20,20.83695652173913
Independencia,2018-02-20,13
Independencia,2018-03-20,11.838709677419354
Independencia,2018-04-20,26.489583333333332
Independencia,2018-05-20,33.28125
Independencia,2018-06-20,37.010416666666664
Independencia,2018-07-20,42.041666666666664
Independencia,2018-08-20,27.708333333333332
Independencia,2018-09-20,18.125
Independencia,2018-10-20,17.48611111111111
Independencia,2018-11-20,15.36111111111111
Independencia,2018-12-20,16.125
Independencia,2019-01-20,19.967032967032967
Independencia,2019-02-20,15.072916666666666
Independencia,2019-03-20,12.308641975308642
Independencia,2019-04-20,20.928571428571427
Independencia,2019-05-20,40.208333333333336
Independencia,2019-06-20,49.84375
Independencia,2019-07-20,44.08888888888889
Independencia,2019-08-20,37.31944444444444
Independencia,2019-09-20,17.958333333333332
Independencia,2019-10-20,17.458333333333332
Independencia,2019-11-20,18.055555555555557
Independencia,2019-12-20,13.61111111111111
Independencia,2020-01-20,18.189873417721518
Independencia,2020-02-20,16.125
Independencia,2020-03-20,18.09722222222222
Independencia,2020-04-20,26.072916666666668
Independencia,2020-05-20,25.370786516853933
Independencia,2020-06-20,48.691489361702125
Independencia,2020-07-20,42.635416666666664
Independencia,2020-08-20,37.541666666666664
Independencia,2020-09-20,26.180555555555557
Independencia,2020-10-20,13.527777777777779
Independencia,2020-11-20,16.52777777777778
Independencia,2020-12-20,13.88888888888889
Independencia,2021-01-20,18.7375
Independencia,2021-02-20,14.666666666666666
Independencia,2021-03-20,17.06578947368421
Independencia,2021-04-20,20.9375
Independencia,2021-05-20,20.84722222222222
Independencia,2021-06-20,52.95789473684211
Independencia,2021-07-20,29.333333333333332
Independencia,2021-08-20,36.75
Independencia,2021-09-20,24.25
Independencia,2021-10-20,18.180555555555557
Independencia,2021-11-20,13.652777777777779
Independencia,2021-12-20,16.416666666666668
Independencia,2022-01-20,19.91304347826087
Independencia,2022-02-20,13.833333333333334
Independencia,2022-03-20,8.2
Independencia,2022-04-20,22.5
Independencia,2022-05-20,31.985714285714284
Independencia,2022-06-20,52.06315789473684
Independencia,2022-07-20,36.244680851063826
Independencia,2022-08-20,46.30555555555556
Independencia,2022-09-20,19.291666666666668
Independencia,2022-10-20,18.680555555555557
Independencia,2022-11-20,13.402777777777779
Independencia,2022-12-20,18.819444444444443
Independencia,2023-01-20,20.94736842105263
Independencia,2023-02-20,13.918604651162791
Independencia,2023-03-20,8
Independencia,2023-04-20,25.574468085106382
Independencia,2023-05-20,40.416666666666664
Independencia,2023-06-20,41.729166666666664
Independencia,2023-07-20,44.15625
Independencia,2023-08-20,26.75
Independencia,2023-09-20,17.5
Independencia,2023-10-20,18.416666666666668
Independencia,2023-11-20,11.722222222222221
Independencia,2023-12-20,17.97222222222222
Independencia,2024-01-20,18.8125
Independencia,2024-02-20,13.4375
Independencia,2024-03-20,13.333333333333334
Independencia,2024-04-20,27.905263157894737
Independencia,2024-05-20,43.95061728395062
Independencia,2024-06-20,32.96875
Independencia,2024-07-20,39.4375
Independencia,2024-08-20,23.59722222222222
Independencia,2024-09-20,22.09722222222222
Independencia,2024-10-20,15.722222222222221
Independencia,2024-11-20,12.458333333333334
Independencia,2024-12-20,18.916666666666668
Independencia,2025-01-20,18.197802197802197
Independencia,2025-02-20,15.010416666666666
Independencia,2025-03-20,13.354166666666666
Independencia,2025-04-20,26.34375
Independencia,2025-05-20,37.614583333333336
Independencia,2025-06-20,32.583333333333336
Independencia,2025-07-20,44.760416666666664
Independencia,2025-08-20,24.86111111111111
Independencia,2025-09-20,27.97222222222222
Independencia,2025-10-20,15.041666666666666
Independencia,2025-11-20,11.319444444444445
Independencia,2025-12-20,14.73611111111111
Independencia,2026-01-20,19.291666666666668
Independencia,2026-02-20,16.0625
Independencia,2026-03-20,17.529411764705884
Independencia,2026-04-20,22.052083333333332
Independencia,2026-05-20,41.510416666666664
Independencia,2026-06-20,39.375
Independencia,2026-07-20,49.21875
Independencia,2026-08-20,24.87323943661972
Independencia,2026-09-20,22.569444444444443
Independencia,2026-10-20,15.791666666666666
Independencia,2026-11-20,15.152777777777779
Independencia,2026-12-20,15.140845070422536
Independencia,2027-01-20,17.6875
Independencia,2027-02-20,18.239583333333332
Independencia,2027-03-20,21.510416666666668
Independencia,2027-04-20,27.147368421052633
Independencia,2027-05-20,41.93617021276596
Independencia,2027-06-20,51.59375
Independencia,2027-07-20,45.40625
Independencia,2027-08-20,27.76388888888889
Independencia,2027-09-20,19.666666666666668
Independencia,2027-10-20,10.86111111111111
Independencia,2027-11-20,17.583333333333332
Independencia,2027-12-20,17.15277777777778
Independencia,2028-01-20,18.096774193548388
Independencia,2028-02-20,17.958333333333332
Independencia,2028-03-20,24.541666666666668
Independencia,2028-04-20,32.052083333333336
Independencia,2028-05-20,34.947916666666664
Independencia,2028-06-20,42
Independencia,2028-07-20,51.322916666666664
Independencia,2028-08-20,25.930555555555557
Independencia,2028-09-20,19.46969696969697
Independencia,2028-10-20,10.194444444444445
Independencia,2028-11-20,15.585714285714285
Independencia,2028-12-20,17.65277777777778
Independencia,2029-01-20,14.527472527472527
Independencia,2029-02-20,26.083333333333332
Independencia,2029-03-20,24.79787234042553
Independencia,2029-04-20,27.1875
Independencia,2029-05-20,26.677083333333332
Independencia,2029-06-20,34.5625
Independencia,2029-07-20,42.625
Independencia,2029-08-20,24.36111111111111
Independencia,2029-09-20,13.652777777777779
Independencia,2029-10-20,10.75
Independencia,2029-11-20,16.130434782608695
Independencia,2029-12-20,14.944444444444445
Independencia,2030-01-20,17.166666666666668
Independencia,2030-03-20,26.520833333333332
Independencia,2030-04-20,35.145833333333336
Independencia,2030-05-20,32.697916666666664
Independencia,2030-06-20,38.5
Independencia,2030-07-20,41.02739726027397
Independencia,2030-08-20,25.84722222222222
Independencia,2030-09-20,10.597222222222221
Independencia,2030-10-20,12.63888888888889
Independencia,2030-11-20,16.555555555555557
Independencia,2030-12-20,16.77777777777778
Independencia,2031-01-20,18.694444444444443
Independencia,2031-03-20,19.1875
Independencia,2031-05-20,28.302083333333332
Independencia,2031-07-20,39.80555555555556
Independencia,2031-08-20,24.464788732394368
Independencia,2031-10-20,15.208333333333334
Independencia,2031-12-20,23.61111111111111
La Florida,2001-01-20,13.405594405594405
La Florida,2001-01-21,8.479166666666666
La Florida,2001-02-20,13.630662020905923
La Florida,2001-02-21,13.520833333333334
La Florida,2001-03-20,13.653571428571428
La Florida,2001-03-21,10.083333333333334
La Florida,2001-04-20,21.986206896551725
La Florida,2001-04-21,12.958333333333334
La Florida,2001-05-20,34.854166666666664
La Florida,2001-05-21,19.625
La Florida,2001-06-20,55.385416666666664
La Florida,2001-06-21,37.3125
La Florida,2001-07-20,47.37979094076655
La Florida,2001-07-21,89.89583333333333
La Florida,2001-08-20,46.96527777777778
La Florida,2001-08-21,13.209302325581396
La Florida,2001-09-20,31.42013888888889
La Florida,2001-09-21,32.15217391304348
La Florida,2001-10-20,12.122377622377622
La Florida,2001-10-21,8.1875
La Florida,2001-11-20,10.20486111111111
La Florida,2001-11-21,6.020833333333333
La Florida,2001-12-20,10.347222222222221
La Florida,2001-12-21,3.6666666666666665
La Florida,2002-01-20,10.006993006993007
La Florida,2002-01-21,9.022222222222222
La Florida,2002-02-20,14.26388888888889
La Florida,2002-02-21,23.5625
La Florida,2002-03-20,12.977186311787072
La Florida,2002-03-21,9.979166666666666
La Florida,2002-04-20,21.379310344827587
La Florida,2002-04-21,13.8125
La Florida,2002-05-20,32.02105263157895
La Florida,2002-05-21,41.145833333333336
La Florida,2002-06-20,53.75
La Florida,2002-06-21,68.29166666666667
La Florida,2002-07-20,43.69718309859155
La Florida,2002-07-21,62.020833333333336
La Florida,2002-08-20,44.13194444444444
La Florida,2002-08-21,5.212765957446808
La Florida,2002-09-20,30.43971631205674
La Florida,2002-09-21,17.083333333333332
La Florida,2002-10-20,12.600694444444445
La Florida,2002-10-21,11.979166666666666
La Florida,2002-11-20,10.565972222222221
La Florida,2002-11-21,6.5625
La Florida,2002-12-20,10.617543859649123
La Florida,2002-12-21,5.851063829787234
La Florida,2003-01-20,9.822916666666666
La Florida,2003-01-21,10.041666666666666
La Florida,2003-02-20,13.773519163763066
La Florida,2003-02-21,14.958333333333334
La Florida,2003-03-20,12.462121212121213
La Florida,2003-03-21,10.208333333333334
La Florida,2003-04-20,19.67128027681661
La Florida,2003-04-21,11.770833333333334
La Florida,2003-05-20,26.291666666666668
La Florida,2003-05-21,29.604166666666668
La Florida,2003-06-20,45.50526315789474
La Florida,2003-06-21,48.3125
La Florida,2003-07-20,49.667857142857144
La Florida,2003-07-21,28.083333333333332
La Florida,2003-08-20,52.895833333333336
La Florida,2003-08-21,34.229166666666664
La Florida,2003-09-20,26.734545454545454
La Florida,2003-09-21,13.9375
La Florida,2003-10-20,12.038327526132404
La Florida,2003-10-21,17.354166666666668
La Florida,2003-11-20,10.815972222222221
La Florida,2003-11-21,5.604166666666667
La Florida,2003-12-20,10.707317073170731
La Florida,2003-12-21,7.666666666666667
La Florida,2004-01-20,9.53356890459364
La Florida,2004-01-21,11.666666666666666
La Florida,2004-02-20,12.89236111111111
La Florida,2004-02-21,26.75
La Florida,2004-03-20,12.276515151515152
La Florida,2004-03-21,11.23913043478261
La Florida,2004-04-20,17.844290657439448
La Florida,2004-04-21,13.479166666666666
La Florida,2004-05-20,38.11498257839721
La Florida,2004-05-21,21.541666666666668
La Florida,2004-06-20,44.850174216027874
La Florida,2004-06-21,71.1875
La Florida,2004-07-20,33.03135888501742
La Florida,2004-07-21,32.520833333333336
La Florida,2004-08-20,56.264084507042256
La Florida,2004-08-21,25.125
La Florida,2004-09-20,25.6056338028169
La Florida,2004-09-21,27.895833333333332
La Florida,2004-10-20,13.153846153846153
La Florida,2004-10-21,15
La Florida,2004-11-20,10.055555555555555
La Florida,2004-11-21,5.375
La Florida,2004-12-20,11.03125
La Florida,2004-12-21,8.6875
La Florida,2005-01-20,10.625954198473282
La Florida,2005-01-21,9.1875
La Florida,2005-02-20,15.549295774647888
La Florida,2005-02-21,18.416666666666668
La Florida,2005-03-20,12.598484848484848
La Florida,2005-03-21,11.571428571428571
La Florida,2005-04-20,15.65625
La Florida,2005-04-21,14.8125
La Florida,2005-05-20,45.41319444444444
La Florida,2005-05-21,44.854166666666664
La Florida,2005-06-20,50.512280701754385
La Florida,2005-06-21,36.4468085106383
La Florida,2005-07-20,32.65625
La Florida,2005-07-21,33.625
La Florida,2005-08-20,48.40972222222222
La Florida,2005-08-21,12.8125
La Florida,2005-09-20,28.527972027972027
La Florida,2005-09-21,26.9375
La Florida,2005-10-20,15
La Florida,2005-10-21,10.229166666666666
La Florida,2005-11-20,10.53125
La Florida,2005-11-21,6.458333333333333
La Florida,2005-12-20,11.996527777777779
La Florida,2005-12-21,5.791666666666667
La Florida,2006-01-20,10.887640449438202
La Florida,2006-01-21,7.229166666666667
La Florida,2006-02-20,23.086805555555557
La Florida,2006-02-21,14
La Florida,2006-03-20,12.776515151515152
La Florida,2006-03-21,4.708333333333333
La Florida,2006-04-20,17.350694444444443
La Florida,2006-04-21,14.6
La Florida,2006-05-20,41.3205574912892
La Florida,2006-05-21,23.854166666666668
La Florida,2006-06-20,50.611111111111114
La Florida,2006-06-21,56.36363636363637
La Florida,2006-07-20,39.135849056603774
La Florida,2006-07-21,48.5625
La Florida,2006-08-20,38.888888888888886
La Florida,2006-08-21,17.5
La Florida,2006-09-20,20.444055944055943
La Florida,2006-09-21,21.80851063829787
La Florida,2006-10-20,13.559027777777779
La Florida,2006-10-21,12.020833333333334
La Florida,2006-11-20,11.51736111111111
La Florida,2006-11-21,7.395833333333333
La Florida,2006-12-20,12.274305555555555
La Florida,2006-12-21,5.478260869565218
La Florida,2007-01-20,9.939929328621908
La Florida,2007-01-21,5.833333333333333
La Florida,2007-02-20,26.395833333333332
La Florida,2007-02-21,8.375
La Florida,2007-03-20,10.242424242424242
La Florida,2007-03-21,4.25
La Florida,2007-04-20,18.677083333333332
La Florida,2007-04-21,17.229166666666668
La Florida,2007-05-20,42.78409090909091
La Florida,2007-05-21,12.833333333333334
La Florida,2007-06-20,48.5625
La Florida,2007-06-21,34.229166666666664
La Florida,2007-07-20,52.803636363636365
La Florida,2007-07-21,53.520833333333336
La Florida,2007-08-20,34.583333333333336
La Florida,2007-08-21,37.541666666666664
La Florida,2007-09-20,18.90625
La Florida,2007-09-21,19.791666666666668
La Florida,2007-10-20,13.53639846743295
La Florida,2007-10-21,13.595744680851064
La Florida,2007-11-20,11.302083333333334
La Florida,2007-11-21,9.6875
La Florida,2007-12-20,12.310104529616725
La Florida,2007-12-21,7.229166666666667
La Florida,2008-01-20,7.496212121212121
La Florida,2008-01-21,6.659574468085107
La Florida,2008-02-20,27.68881118881119
La Florida,2008-02-21,11.791666666666666
La Florida,2008-03-20,10.302788844621514
La Florida,2008-03-21,5.575757575757576
La Florida,2008-04-20,17.444444444444443
La Florida,2008-04-21,14.416666666666666
La Florida,2008-05-20,37.43478260869565
La Florida,2008-05-21,23
La Florida,2008-06-20,47.510416666666664
La Florida,2008-06-21,15.520833333333334
La Florida,2008-07-20,42.01742160278746
La Florida,2008-07-21,56.148936170212764
La Florida,2008-08-20,48.28472222222222
La Florida,2008-08-21,56.979166666666664
La Florida,2008-09-20,20.678571428571427
La Florida,2008-09-21,25.347826086956523
La Florida,2008-10-20,11.114624505928854
La Florida,2008-10-21,6.270833333333333
La Florida,2008-11-20,11.543554006968641
La Florida,2008-11-21,9.638297872340425
La Florida,2008-12-20,10.479166666666666
La Florida,2008-12-21,6.270833333333333
La Florida,2009-01-20,7.980988593155893
La Florida,2009-01-21,7.229166666666667
La Florida,2009-02-20,27.84375
La Florida,2009-02-21,11.543478260869565
La Florida,2009-03-20,12.579166666666667
La Florida,2009-03-21,11.6875
La Florida,2009-04-20,16.489583333333332
La Florida,2009-04-21,16.833333333333332
La Florida,2009-05-20,38.01766784452297
La Florida,2009-05-21,43.854166666666664
La Florida,2009-06-20,39.87234042553192
La Florida,2009-06-21,14.791666666666666
La Florida,2009-07-20,41.548611111111114
La Florida,2009-07-21,47.916666666666664
La Florida,2009-08-20,51.38194444444444
La Florida,2009-08-21,70.85416666666667
La Florida,2009-09-20,24.5
La Florida,2009-09-21,22.541666666666668
La Florida,2009-10-20,11.539923954372624
La Florida,2009-10-21,11.5
La Florida,2009-11-20,10.746376811594203
La Florida,2009-11-21,7.104166666666667
La Florida,2009-12-20,9.543554006968641
La Florida,2009-12-21,8.166666666666666
La Florida,2010-01-20,8.099264705882353
La Florida,2010-01-21,7.8125
La Florida,2010-02-20,21.232727272727274
La Florida,2010-02-21,11.020833333333334
La Florida,2010-03-20,11.234513274336283
La Florida,2010-03-21,11.354166666666666
La Florida,2010-04-20,19.09375
La Florida,2010-04-21,21.270833333333332
La Florida,2010-05-20,42.197916666666664
La Florida,2010-05-21,37.958333333333336
La Florida,2010-06-20,38.29929577464789
La Florida,2010-06-21,25.416666666666668
La Florida,2010-07-20,47.041666666666664
La Florida,2010-07-21,40.854166666666664
La Florida,2010-08-20,46.86062717770035
La Florida,2010-08-21,48.5625
La Florida,2010-09-20,22.479166666666668
La Florida,2010-09-21,11.020833333333334
La Florida,2010-10-20,13.32319391634981
La Florida,2010-10-21,11.979166666666666
La Florida,2010-11-20,9.645390070921986
La Florida,2010-11-21,5.25
La Florida,2010-12-20,9.402777777777779
La Florida,2010-12-21,10.875
La Florida,2011-01-20,9.581881533101045
La Florida,2011-01-21,10.9375
La Florida,2011-02-20,20.121863799283155
La Florida,2011-02-21,13.48936170212766
La Florida,2011-03-20,8.952380952380953
La Florida,2011-03-21,12.145833333333334
La Florida,2011-04-20,16.48263888888889
La Florida,2011-04-21,11.979166666666666
La Florida,2011-05-20,55.32167832167832
La Florida,2011-05-21,56.375
La Florida,2011-06-20,40.5191637630662
La Florida,2011-06-21,34.625
La Florida,2011-07-20,53.395833333333336
La Florida,2011-07-21,50.08510638297872
La Florida,2011-08-20,46.1875
La Florida,2011-09-20,16.15523465703971
La Florida,2011-09-21,13.604166666666666
La Florida,2011-10-20,14.208333333333334
La Florida,2011-10-21,10.085106382978724
La Florida,2011-11-20,8.77972027972028
La Florida,2011-11-21,5.25531914893617
La Florida,2011-12-20,8.75
La Florida,2011-12-21,8.833333333333334
La Florida,2012-01-20,9.160278745644598
La Florida,2012-01-21,11.41304347826087
La Florida,2012-02-20,24.78745644599303
La Florida,2012-02-21,10.520833333333334
La Florida,2012-03-20,9.50462962962963
La Florida,2012-03-21,10.88888888888889
La Florida,2012-04-20,18.51736111111111
La Florida,2012-04-21,18.333333333333332
La Florida,2012-05-20,48.11379310344827
La Florida,2012-05-21,45.541666666666664
La Florida,2012-06-20,39.21678321678322
La Florida,2012-06-21,14.708333333333334
La Florida,2012-07-20,60.54195804195804
La Florida,2012-07-21,63.020833333333336
La Florida,2012-08-20,41.58391608391609
La Florida,2012-08-21,56.354166666666664
La Florida,2012-09-20,18.257839721254356
La Florida,2012-09-21,20.104166666666668
La Florida,2012-10-20,12.67588932806324
La Florida,2012-10-21,17
La Florida,2012-11-20,8.815602836879433
La Florida,2012-11-21,6.145833333333333
La Florida,2012-12-20,8.964912280701755
La Florida,2012-12-21,7.145833333333333
La Florida,2013-01-20,9.104895104895105
La Florida,2013-01-21,9.6875
La Florida,2013-02-20,13.538194444444445
La Florida,2013-02-21,15.3125
La Florida,2013-03-20,8.76958525345622
La Florida,2013-03-21,11.395833333333334
La Florida,2013-04-20,22.662020905923345
La Florida,2013-04-21,17.979166666666668
La Florida,2013-05-20,47.78819444444444
La Florida,2013-05-21,57.54347826086956
La Florida,2013-06-20,45.250871080139376
La Florida,2013-06-21,4.116279069767442
La Florida,2013-07-20,56.611111111111114
La Florida,2013-07-21,86.45833333333333
La Florida,2013-08-20,45.23344947735192
La Florida,2013-08-21,59.29545454545455
La Florida,2013-09-20,19.92361111111111
La Florida,2013-09-21,18.333333333333332
La Florida,2013-10-20,11.875
La Florida,2013-10-21,12.333333333333334
La Florida,2013-11-20,9.222614840989399
La Florida,2013-11-21,8.770833333333334
La Florida,2013-12-20,8.29965156794425
La Florida,2013-12-21,8.375
La Florida,2014-01-20,9.707317073170731
La Florida,2014-01-21,7.645833333333333
La Florida,2014-02-20,14.958333333333334
La Florida,2014-02-21,12.541666666666666
La Florida,2014-03-20,9.219730941704036
La Florida,2014-03-21,11.729166666666666
La Florida,2014-04-20,26.12152777777778
La Florida,2014-04-21,11.25
La Florida,2014-05-20,56.15034965034965
La Florida,2014-05-21,66.85416666666667
La Florida,2014-06-20,53.447916666666664
La Florida,2014-06-21,12.479166666666666
La Florida,2014-07-20,51.91197183098591
La Florida,2014-07-21,43.229166666666664
La Florida,2014-08-20,45.44250871080139
La Florida,2014-08-21,44.648648648648646
La Florida,2014-09-20,22.646853146853147
La Florida,2014-09-21,17.541666666666668
La Florida,2014-10-20,12.268939393939394
La Florida,2014-10-21,10.916666666666666
La Florida,2014-11-20,9.27304964539007
La Florida,2014-11-21,11.25
La Florida,2014-12-20,8.552447552447552
La Florida,2014-12-21,9.729166666666666
La Florida,2015-01-20,9.686411149825783
La Florida,2015-01-21,8.5625
La Florida,2015-02-20,15.597902097902098
La Florida,2015-02-21,10.9375
La Florida,2015-03-20,9.409691629955947
La Florida,2015-03-21,13.8125
La Florida,2015-04-20,26.414285714285715
La Florida,2015-04-21,8.395833333333334
La Florida,2015-05-20,52.50526315789474
La Florida,2015-05-21,45.276595744680854
La Florida,2015-06-20,50.64561403508772
La Florida,2015-06-21,36.148936170212764
La Florida,2015-07-20,52.36805555555556
La Florida,2015-07-21,41.212765957446805
La Florida,2015-08-20,35.208333333333336
La Florida,2015-08-21,60.729166666666664
La Florida,2015-09-20,21.430555555555557
La Florida,2015-09-21,12.645833333333334
La Florida,2015-10-20,13.230188679245282
La Florida,2015-10-21,12.895833333333334
La Florida,2015-11-20,9.426470588235293
La Florida,2015-11-21,9.020833333333334
La Florida,2015-12-20,10.11111111111111
La Florida,2015-12-21,9.382978723404255
La Florida,2016-01-20,10.902777777777779
La Florida,2016-01-21,8.354166666666666
La Florida,2016-02-20,14.284172661870503
La Florida,2016-02-21,11.041666666666666
La Florida,2016-03-20,10.774058577405858
La Florida,2016-03-21,7.25
La Florida,2016-04-20,30.79513888888889
La Florida,2016-04-21,11.541666666666666
La Florida,2016-05-20,50.78125
La Florida,2016-05-21,66.95833333333333
La Florida,2016-06-20,53.82167832167832
La Florida,2016-06-21,48.5
La Florida,2016-07-20,54.333333333333336
La Florida,2016-07-21,59.895833333333336
La Florida,2016-08-20,30.094076655052266
La Florida,2016-08-21,32.208333333333336
La Florida,2016-09-20,18.506944444444443
La Florida,2016-09-21,16.166666666666668
La Florida,2016-10-20,11.42361111111111
La Florida,2016-10-21,7.5625
La Florida,2016-11-20,9.228070175438596
La Florida,2016-11-21,8.3125
La Florida,2016-12-20,12.314606741573034
La Florida,2016-12-21,9.958333333333334
La Florida,2017-01-20,10.515679442508711
La Florida,2017-01-21,10.804347826086957
La Florida,2017-02-20,14.759581881533101
La Florida,2017-02-21,10.395833333333334
La Florida,2017-03-20,9.791338582677165
La Florida,2017-03-21,7.208333333333333
La Florida,2017-04-20,24.90625
La Florida,2017-04-21,17.170212765957448
La Florida,2017-05-20,50.45993031358885
La Florida,2017-05-21,65.6086956521739
La Florida,2017-06-20,46.65277777777778
La Florida,2017-06-21,28.583333333333332
La Florida,2017-07-20,47.74825174825175
La Florida,2017-07-21,77.29166666666667
La Florida,2017-08-20,32.798611111111114
La Florida,2017-08-21,32.166666666666664
La Florida,2017-09-20,19.517482517482517
La Florida,2017-09-21,21.9375
La Florida,2017-10-20,10.010416666666666
La Florida,2017-10-21,10.6875
La Florida,2017-11-20,10.17013888888889
La Florida,2017-11-21,6.75
La Florida,2017-12-20,10.476190476190476
La Florida,2017-12-21,8.520833333333334
La Florida,2018-01-20,13.413669064748202
La Florida,2018-01-21,10.958333333333334
La Florida,2018-02-20,16.270833333333332
La Florida,2018-02-21,11.270833333333334
La Florida,2018-03-20,9.995983935742972
La Florida,2018-03-21,10.647058823529411
La Florida,2018-04-20,24.98263888888889
La Florida,2018-04-21,17.729166666666668
La Florida,2018-05-20,40.36585365853659
La Florida,2018-05-21,94.8936170212766
La Florida,2018-06-20,43.65277777777778
La Florida,2018-06-21,10.916666666666666
La Florida,2018-07-20,45.09722222222222
La Florida,2018-07-21,38.1875
La Florida,2018-08-20,25.656140350877195
La Florida,2018-08-21,39.833333333333336
La Florida,2018-09-20,19.21951219512195
La Florida,2018-09-21,19.125
La Florida,2018-10-20,9.912587412587413
La Florida,2018-10-21,12.375
La Florida,2018-11-20,10.628975265017667
La Florida,2018-11-21,6.791666666666667
La Florida,2018-12-20,9.67595818815331
La Florida,2018-12-21,9.170212765957446
La Florida,2019-01-20,12.776119402985074
La Florida,2019-01-21,21.666666666666668
La Florida,2019-02-20,13.292682926829269
La Florida,2019-02-21,17.5531914893617
La Florida,2019-03-20,11.378260869565217
La Florida,2019-03-21,13.875
La Florida,2019-04-20,22.3125
La Florida,2019-04-21,13.854166666666666
La Florida,2019-05-20,38.96527777777778
La Florida,2019-05-21,74.60416666666667
La Florida,2019-06-20,56.8125
La Florida,2019-06-21,20.166666666666668
La Florida,2019-07-20,51.31358885017421
La Florida,2019-07-21,61.78260869565217
La Florida,2019-08-20,27.09157509157509
La Florida,2019-08-21,57.6875
La Florida,2019-09-20,20.01388888888889
La Florida,2019-09-21,5.916666666666667
La Florida,2019-10-20,12.71875
La Florida,2019-10-21,10.625
La Florida,2019-11-20,10.465277777777779
La Florida,2019-11-21,6.8125
La Florida,2019-12-20,10.11111111111111
La Florida,2019-12-21,9.333333333333334
La Florida,2020-01-20,12.180851063829786
La Florida,2020-01-21,13.916666666666666
La Florida,2020-02-20,13.809027777777779
La Florida,2020-02-21,8.708333333333334
La Florida,2020-03-20,14.502183406113538
La Florida,2020-03-21,12.3125
La Florida,2020-04-20,20.67361111111111
La Florida,2020-04-21,29.270833333333332
La Florida,2020-05-20,35.354166666666664
La Florida,2020-05-21,29.9375
La Florida,2020-06-20,52.37152777777778
La Florida,2020-06-21,14.145833333333334
La Florida,2020-07-20,51.02127659574468
La Florida,2020-07-21,88
La Florida,2020-08-20,32.1578947368421
La Florida,2020-08-21,57.1063829787234
La Florida,2020-09-20,20.62847222222222
La Florida,2020-09-21,20.229166666666668
La Florida,2020-10-20,12.635416666666666
La Florida,2020-10-21,3.375
La Florida,2020-11-20,9.226148409893993
La Florida,2020-11-21,8.541666666666666
La Florida,2020-12-20,10.10763888888889
La Florida,2020-12-21,14.479166666666666
La Florida,2021-01-20,11.95138888888889
La Florida,2021-01-21,14.791666666666666
La Florida,2021-02-20,13.945652173913043
La Florida,2021-02-21,6.833333333333333
La Florida,2021-03-20,13.876712328767123
La Florida,2021-03-21,15.291666666666666
La Florida,2021-04-20,25.006944444444443
La Florida,2021-04-21,23
La Florida,2021-05-20,44.23344947735192
La Florida,2021-05-21,29.166666666666668
La Florida,2021-06-20,62.27272727272727
La Florida,2021-06-21,8.104166666666666
La Florida,2021-07-20,41.37762237762238
La Florida,2021-07-21,76.875
La Florida,2021-08-20,32.721254355400696
La Florida,2021-08-21,28.3125
La Florida,2021-09-20,16.444444444444443
La Florida,2021-09-21,14.104166666666666
La Florida,2021-10-20,14.64236111111111
La Florida,2021-10-21,5.5625
La Florida,2021-11-20,8.704280155642023
La Florida,2021-11-21,7.833333333333333
La Florida,2021-12-20,11.45993031358885
La Florida,2021-12-21,14.58695652173913
La Florida,2022-01-20,10.979166666666666
La Florida,2022-01-21,18.5531914893617
La Florida,2022-02-20,11.450757575757576
La Florida,2022-02-21,5.375
La Florida,2022-03-20,12.295081967213115
La Florida,2022-03-21,11.291666666666666
La Florida,2022-04-20,28.78472222222222
La Florida,2022-04-21,10.375
La Florida,2022-05-20,47.701388888888886
La Florida,2022-05-21,37.0625
La Florida,2022-06-20,46.35087719298246
La Florida,2022-06-21,20.145833333333332
La Florida,2022-07-20,46.89824561403509
La Florida,2022-07-21,82.68085106382979
La Florida,2022-08-20,30.39236111111111
La Florida,2022-08-21,11.291666666666666
La Florida,2022-09-20,14.284210526315789
La Florida,2022-09-21,9
La Florida,2022-10-20,13.272727272727273
La Florida,2022-10-21,8.895833333333334
La Florida,2022-11-20,9.3389830508474585
La Florida,2022-11-21,5.6875
La Florida,2022-12-20,11.853146853146853
La Florida,2022-12-21,13.354166666666666
La Florida,2023-01-20,11.554385964912282
La Florida,2023-01-21,12.166666666666666
La Florida,2023-02-20,10.863636363636363
La Florida,2023-02-21,6.895833333333333
La Florida,2023-03-20,15.325757575757576
La Florida,2023-03-21,8.354166666666666
La Florida,2023-04-20,25.881944444444443
La Florida,2023-04-21,20.916666666666668
La Florida,2023-05-20,50.66420664206642
La Florida,2023-05-21,68.25
La Florida,2023-06-20,33.478873239436616
La Florida,2023-06-21,35.479166666666664
La Florida,2023-07-20,52.857142857142854
La Florida,2023-07-21,71.27659574468085
La Florida,2023-08-20,29.70138888888889
La Florida,2023-08-21,25.9375
La Florida,2023-09-20,18.22222222222222
La Florida,2023-09-21,6.208333333333333
La Florida,2023-10-20,12.585365853658537
La Florida,2023-10-21,5.458333333333333
La Florida,2023-11-20,9.095238095238095
La Florida,2023-11-21,5.520833333333333
La Florida,2023-12-20,9.905594405594405
La Florida,2023-12-21,7.979166666666667
La Florida,2024-01-20,11.336917562724015
La Florida,2024-01-21,11.729166666666666
La Florida,2024-02-20,11.566539923954373
La Florida,2024-02-21,8.75
La Florida,2024-03-20,15.535971223021583
La Florida,2024-03-21,6.375
La Florida,2024-04-20,26.84027777777778
La Florida,2024-04-21,20.166666666666668
La Florida,2024-05-20,51.958174904942965
La Florida,2024-05-21,55.4375
La Florida,2024-06-20,31.9375
La Florida,2024-06-21,45.3125
La Florida,2024-07-20,58.21180555555556
La Florida,2024-07-21,57.291666666666664
La Florida,2024-08-11,39.4375
La Florida,2024-08-20,34.25347222222222
La Florida,2024-08-21,50.9375
La Florida,2024-09-20,19.041666666666668
La Florida,2024-09-21,11.565217391304348
La Florida,2024-10-20,10.902777777777779
La Florida,2024-10-21,7.25
La Florida,2024-11-20,8.553030303030303
La Florida,2024-11-21,4.416666666666667
La Florida,2024-12-20,12.416666666666666
La Florida,2024-12-21,9.520833333333334
La Florida,2025-01-20,11.94773519163763
La Florida,2025-01-21,13
La Florida,2025-02-20,11.315589353612168
La Florida,2025-02-21,10.166666666666666
La Florida,2025-03-20,15.979094076655052
La Florida,2025-03-21,9.166666666666666
La Florida,2025-04-20,30.418118466898953
La Florida,2025-04-21,12.333333333333334
La Florida,2025-05-20,55.96389891696751
La Florida,2025-05-21,38.666666666666664
La Florida,2025-06-20,43.705263157894734
La Florida,2025-06-21,60.645833333333336
La Florida,2025-07-20,48.02777777777778
La Florida,2025-07-21,70.45833333333333
La Florida,2025-08-20,28.891228070175437
La Florida,2025-08-21,30.791666666666668
La Florida,2025-09-20,15.63888888888889
La Florida,2025-09-21,11.041666666666666
La Florida,2025-10-20,9.251748251748252
La Florida,2025-10-21,6.354166666666667
La Florida,2025-11-20,9.458333333333334
La Florida,2025-11-21,4.5
La Florida,2025-12-20,13.573033707865168
La Florida,2025-12-21,10
La Florida,2026-01-20,11.547038327526133
La Florida,2026-01-21,9.479166666666666
La Florida,2026-02-20,11.937956204379562
La Florida,2026-02-21,9.666666666666666
La Florida,2026-03-20,16.85090909090909
La Florida,2026-03-21,12.333333333333334
La Florida,2026-04-20,28.913194444444443
La Florida,2026-04-21,9.354166666666666
La Florida,2026-05-20,48.822299651567945
La Florida,2026-05-21,51.75
La Florida,2026-06-20,56.87188612099644
La Florida,2026-06-21,70.35416666666667
La Florida,2026-07-20,48.96875
La Florida,2026-07-21,50.541666666666664
La Florida,2026-08-20,37.724738675958186
La Florida,2026-08-21,20.354166666666668
La Florida,2026-09-20,14.375
La Florida,2026-09-21,16.869565217391305
La Florida,2026-10-20,10.365248226950355
La Florida,2026-10-21,10.416666666666666
La Florida,2026-11-20,10.409090909090908
La Florida,2026-11-21,4.958333333333333
La Florida,2026-12-20,13.47463768115942
La Florida,2026-12-21,8.229166666666666
La Florida,2027-01-20,10.210526315789474
La Florida,2027-01-21,10.1875
La Florida,2027-02-20,13.34965034965035
La Florida,2027-02-21,9.416666666666666
La Florida,2027-03-20,17.73611111111111
La Florida,2027-03-21,11.645833333333334
La Florida,2027-04-20,38.37282229965157
La Florida,2027-04-21,17.041666666666668
La Florida,2027-05-20,49.28819444444444
La Florida,2027-05-21,61.895833333333336
La Florida,2027-06-20,49.21527777777778
La Florida,2027-06-21,38.395833333333336
La Florida,2027-07-20,51.83098591549296
La Florida,2027-07-21,34.604166666666664
La Florida,2027-08-20,36.388888888888886
La Florida,2027-08-21,28.395833333333332
La Florida,2027-09-20,15.104895104895105
La Florida,2027-09-21,19.3125
La Florida,2027-10-20,8.80505415162455
La Florida,2027-10-21,10.479166666666666
La Florida,2027-11-20,10.320754716981131
La Florida,2027-11-21,7.521739130434782
La Florida,2027-12-20,13.239583333333334
La Florida,2027-12-21,7.666666666666667
La Florida,2028-01-20,11.302083333333334
La Florida,2028-01-21,10.1875
La Florida,2028-02-20,12.725694444444445
La Florida,2028-02-21,7.375
La Florida,2028-03-20,17.86759581881533
La Florida,2028-03-21,21.104166666666668
La Florida,2028-04-20,33.94097222222222
La Florida,2028-04-21,32.666666666666664
La Florida,2028-05-20,50.02491103202847
La Florida,2028-05-21,43.395833333333336
La Florida,2028-06-20,39.648936170212764
La Florida,2028-06-21,24.208333333333332
La Florida,2028-07-20,60.79298245614035
La Florida,2028-07-21,44.479166666666664
La Florida,2028-08-20,37.03125
La Florida,2028-08-21,47.625
La Florida,2028-09-20,14.178321678321678
La Florida,2028-09-21,20.083333333333332
La Florida,2028-10-20,9.444444444444445
La Florida,2028-10-21,10.145833333333334
La Florida,2028-11-20,9.996515679442508
La Florida,2028-11-21,7.085106382978723
La Florida,2028-12-20,11.59375
La Florida,2028-12-21,6.666666666666667
La Florida,2029-01-20,10.249122807017544
La Florida,2029-01-21,10.583333333333334
La Florida,2029-02-20,20.041666666666668
La Florida,2029-02-21,8.354166666666666
La Florida,2029-03-20,18.202090592334496
La Florida,2029-03-21,16.125
La Florida,2029-04-20,30.131944444444443
La Florida,2029-04-21,14.229166666666666
La Florida,2029-05-20,50.77430555555556
La Florida,2029-05-21,61.4375
La Florida,2029-06-20,47.68055555555556
La Florida,2029-06-21,66.04166666666667
La Florida,2029-07-20,63.598591549295776
La Florida,2029-07-21,63.479166666666664
La Florida,2029-08-20,27.368055555555557
La Florida,2029-08-21,27.02127659574468
La Florida,2029-09-20,12.636363636363637
La Florida,2029-09-21,14.458333333333334
La Florida,2029-10-20,9.413194444444445
La Florida,2029-10-21,11.854166666666666
La Florida,2029-11-20,9.875
La Florida,2029-11-21,7
La Florida,2029-12-20,10.239583333333334
La Florida,2029-12-21,7.8125
La Florida,2030-01-20,10.572916666666666
La Florida,2030-01-21,15.166666666666666
La Florida,2030-03-20,24.810526315789474
La Florida,2030-03-21,11.625
La Florida,2030-04-20,35.895833333333336
La Florida,2030-04-21,13.020833333333334
La Florida,2030-05-20,52.47222222222222
La Florida,2030-05-21,88.02083333333333
La Florida,2030-06-20,55.16783216783217
La Florida,2030-06-21,56.93181818181818
La Florida,2030-07-20,54.855633802816904
La Florida,2030-07-21,83.64583333333333
La Florida,2030-08-20,22.21254355400697
La Florida,2030-08-21,21.458333333333332
La Florida,2030-09-20,11.6993006993007
La Florida,2030-09-21,7.520833333333333
La Florida,2030-10-20,9.479166666666666
La Florida,2030-10-21,9.416666666666666
La Florida,2030-11-20,9.927083333333334
La Florida,2030-11-21,6.595744680851064
La Florida,2030-12-20,9.746527777777779
La Florida,2030-12-21,9.375
La Florida,2031-01-20,11.048780487804878
La Florida,2031-01-21,14.6875
La Florida,2031-03-20,19.823321554770317
La Florida,2031-03-21,8.333333333333334
La Florida,2031-05-20,42.947916666666664
La Florida,2031-05-21,52.979166666666664
La Florida,2031-07-20,54.0625
La Florida,2031-07-21,46.604166666666664
La Florida,2031-08-20,25.395833333333332
La Florida,2031-08-21,55.604166666666664
La Florida,2031-10-20,11.414634146341463
La Florida,2031-10-21,9.270833333333334
La Florida,2031-12-20,12.520833333333334
La Florida,2031-12-21,8.541666666666666
Las Condes,2001-01-20,16.251748251748253
Las Condes,2001-01-21,12.541666666666666
Las Condes,2001-02-20,14.159722222222221
Las Condes,2001-02-21,18.375
Las Condes,2001-03-20,16.479166666666668
Las Condes,2001-03-21,12.625
Las Condes,2001-04-20,17.06206896551724
Las Condes,2001-04-21,10.166666666666666
Las Condes,2001-05-20,24.270833333333332
Las Condes,2001-05-21,9.772727272727273
Las Condes,2001-06-20,24.84722222222222
Las Condes,2001-06-21,23.625
Las Condes,2001-07-20,17.67361111111111
Las Condes,2001-07-21,11.375
Las Condes,2001-08-20,27.583333333333332
Las Condes,2001-08-21,24.523809523809526
Las Condes,2001-09-20,25.75
Las Condes,2001-09-21,15.041666666666666
Las Condes,2001-10-20,13.854166666666666
Las Condes,2001-10-21,10.791666666666666
Las Condes,2001-11-20,11.628787878787879
Las Condes,2001-11-21,13.041666666666666
Las Condes,2001-12-20,13.894366197183098
Las Condes,2001-12-21,9.041666666666666
Las Condes,2002-01-20,12.86111111111111
Las Condes,2002-01-21,11.916666666666666
Las Condes,2002-02-20,16.256944444444443
Las Condes,2002-02-21,17.208333333333332
Las Condes,2002-03-20,17.055555555555557
Las Condes,2002-03-21,14.041666666666666
Las Condes,2002-04-20,19.358620689655172
Las Condes,2002-04-21,12.666666666666666
Las Condes,2002-05-20,25.333333333333332
Las Condes,2002-05-21,10.833333333333334
Las Condes,2002-06-20,23.9375
Las Condes,2002-06-21,21.041666666666668
Las Condes,2002-07-20,23.354166666666668
Las Condes,2002-07-21,12.083333333333334
Las Condes,2002-08-20,34.86805555555556
Las Condes,2002-09-20,25.118055555555557
Las Condes,2002-09-21,13.083333333333334
Las Condes,2002-10-20,11.993055555555555
Las Condes,2002-10-21,15.875
Las Condes,2002-11-20,11.37704918032787
Las Condes,2002-11-21,9.833333333333334
Las Condes,2002-12-20,14.26388888888889
Las Condes,2002-12-21,10.708333333333334
Las Condes,2003-01-20,14.097222222222221
Las Condes,2003-01-21,14.208333333333334
Las Condes,2003-02-20,15.909722222222221
Las Condes,2003-02-21,16.333333333333332
Las Condes,2003-03-20,17.333333333333332
Las Condes,2003-03-21,10.375
Las Condes,2003-04-20,19.448275862068964
Las Condes,2003-04-21,16.791666666666668
Las Condes,2003-05-20,24.6875
Las Condes,2003-05-21,18.416666666666668
Las Condes,2003-06-20,16.854166666666668
Las Condes,2003-06-21,18.61904761904762
Las Condes,2003-07-20,21.354166666666668
Las Condes,2003-07-21,23.25
Las Condes,2003-08-20,33.15277777777778
Las Condes,2003-08-21,17.3
Las Condes,2003-09-20,20.04895104895105
Las Condes,2003-09-21,18.75
Las Condes,2003-10-20,11.590277777777779
Las Condes,2003-10-21,16.541666666666668
Las Condes,2003-11-20,11.75
Las Condes,2003-11-21,8.541666666666666
Las Condes,2003-12-20,14.194444444444445
Las Condes,2003-12-21,12.791666666666666
Las Condes,2004-01-20,13.439716312056738
Las Condes,2004-01-21,16.708333333333332
Las Condes,2004-02-20,15.845070422535212
Las Condes,2004-02-21,27.083333333333332
Las Condes,2004-03-20,16.895833333333332
Las Condes,2004-03-21,13.416666666666666
Las Condes,2004-04-20,21.28965517241379
Las Condes,2004-04-21,16.291666666666668
Las Condes,2004-05-20,23.97222222222222
Las Condes,2004-05-21,18.125
Las Condes,2004-06-20,18.333333333333332
Las Condes,2004-06-21,22.125
Las Condes,2004-07-20,17.708333333333332
Las Condes,2004-07-21,37.458333333333336
Las Condes,2004-08-20,29.46527777777778
Las Condes,2004-08-21,26.458333333333332
Las Condes,2004-09-20,18.90972222222222
Las Condes,2004-09-21,25.583333333333332
Las Condes,2004-10-20,12.354166666666666
Las Condes,2004-10-21,15.666666666666666
Las Condes,2004-11-20,14.366666666666667
Las Condes,2004-11-21,8.875
Las Condes,2004-12-20,12.447761194029852
Las Condes,2004-12-21,18.291666666666668
Las Condes,2005-01-20,16.65034965034965
Las Condes,2005-01-21,15.75
Las Condes,2005-02-20,16.52777777777778
Las Condes,2005-02-21,25.875
Las Condes,2005-03-20,16.082089552238806
Las Condes,2005-03-21,12.217391304347826
Las Condes,2005-04-20,18.1875
Las Condes,2005-04-21,13.25
Las Condes,2005-05-20,29.444444444444443
Las Condes,2005-05-21,20.333333333333332
Las Condes,2005-06-20,19.631944444444443
Las Condes,2005-06-21,18.833333333333332
Las Condes,2005-07-20,17.006944444444443
Las Condes,2005-07-21,33.958333333333336
Las Condes,2005-08-20,32.68531468531469
Las Condes,2005-08-21,13.916666666666666
Las Condes,2005-09-20,19.50375939849624
Las Condes,2005-09-21,18.75
Las Condes,2005-10-20,14.472222222222221
Las Condes,2005-10-21,13.208333333333334
Las Condes,2005-11-20,13.515384615384615
Las Condes,2005-11-21,9.25
Las Condes,2005-12-20,13.368055555555555
Las Condes,2005-12-21,13.416666666666666
Las Condes,2006-01-20,14.82638888888889
Las Condes,2006-01-21,14.458333333333334
Las Condes,2006-02-20,20.631944444444443
Las Condes,2006-02-21,19.583333333333332
Las Condes,2006-03-20,15.549618320610687
Las Condes,2006-03-21,13.083333333333334
Las Condes,2006-04-20,15.180555555555555
Las Condes,2006-04-21,11.76
Las Condes,2006-05-20,24.38888888888889
Las Condes,2006-05-21,14.833333333333334
Las Condes,2006-06-20,21.0625
Las Condes,2006-06-21,19.416666666666668
Las Condes,2006-07-20,22.395833333333332
Las Condes,2006-07-21,26.105263157894736
Las Condes,2006-08-20,30.194444444444443
Las Condes,2006-08-21,8.875
Las Condes,2006-09-20,16.8515625
Las Condes,2006-09-21,22.416666666666668
Las Condes,2006-10-20,15.51388888888889
Las Condes,2006-10-21,14.5
Las Condes,2006-11-20,13.29861111111111
Las Condes,2006-11-21,12.916666666666666
Las Condes,2006-12-20,15.993055555555555
Las Condes,2006-12-21,11.333333333333334
Las Condes,2007-01-20,15.118055555555555
Las Condes,2007-01-21,8.958333333333334
Las Condes,2007-02-20,23.965034965034967
Las Condes,2007-02-21,14.041666666666666
Las Condes,2007-03-20,15.237762237762238
Las Condes,2007-03-21,11.083333333333334
Las Condes,2007-04-20,14.61111111111111
Las Condes,2007-04-21,11.083333333333334
Las Condes,2007-05-20,24.875
Las Condes,2007-05-21,3.4375
Las Condes,2007-06-20,23.09090909090909
Las Condes,2007-06-21,17.916666666666668
Las Condes,2007-07-20,25.36111111111111
Las Condes,2007-07-21,57.23076923076923
Las Condes,2007-08-20,22.65034965034965
Las Condes,2007-08-21,23.5
Las Condes,2007-09-20,16.506944444444443
Las Condes,2007-09-21,25.208333333333332
Las Condes,2007-10-20,13.770833333333334
Las Condes,2007-10-21,15.416666666666666
Las Condes,2007-11-20,13.118881118881118
Las Condes,2007-11-21,15.083333333333334
Las Condes,2007-12-20,20.006944444444443
Las Condes,2007-12-21,12.541666666666666
Las Condes,2008-01-20,12.894366197183098
Las Condes,2008-01-21,10.125
Las Condes,2008-02-20,23.197183098591548
Las Condes,2008-02-21,10.625
Las Condes,2008-03-20,14.82638888888889
Las Condes,2008-03-21,7.181818181818182
Las Condes,2008-04-20,15.48611111111111
Las Condes,2008-04-21,14.25
Las Condes,2008-05-20,26.98611111111111
Las Condes,2008-05-21,15.857142857142858
Las Condes,2008-06-20,27.179856115107913
Las Condes,2008-06-21,17.625
Las Condes,2008-07-20,24.88888888888889
Las Condes,2008-07-21,39.583333333333336
Las Condes,2008-08-20,24.993055555555557
Las Condes,2008-08-21,20.958333333333332
Las Condes,2008-09-20,16.937062937062937
Las Condes,2008-09-21,35.47826086956522
Las Condes,2008-10-20,11.27972027972028
Las Condes,2008-10-21,6.541666666666667
Las Condes,2008-11-20,15.409722222222221
Las Condes,2008-11-21,15.291666666666666
Las Condes,2008-12-20,21
Las Condes,2008-12-21,11.041666666666666
Las Condes,2009-01-20,12.9375
Las Condes,2009-01-21,10.25
Las Condes,2009-02-20,23.55944055944056
Las Condes,2009-02-21,12.416666666666666
Las Condes,2009-03-20,15.222222222222221
Las Condes,2009-04-20,17.875
Las Condes,2009-04-21,16.916666666666668
Las Condes,2009-05-20,27.618055555555557
Las Condes,2009-05-21,22.5
Las Condes,2009-06-20,24.83211678832117
Las Condes,2009-06-21,5.541666666666667
Las Condes,2009-07-20,23.73611111111111
Las Condes,2009-07-21,31.625
Las Condes,2009-08-20,24.75
Las Condes,2009-08-21,20.5
Las Condes,2009-09-20,19.854166666666668
Las Condes,2009-09-21,25.375
Las Condes,2009-10-20,12.784722222222221
Las Condes,2009-10-21,12.583333333333334
Las Condes,2009-11-20,12.567375886524824
Las Condes,2009-11-21,10.5
Las Condes,2009-12-20,14.015384615384615
Las Condes,2009-12-21,11.875
Las Condes,2010-01-20,12.652777777777779
Las Condes,2010-01-21,12.041666666666666
Las Condes,2010-02-20,22.881944444444443
Las Condes,2010-02-21,14.083333333333334
Las Condes,2010-03-20,14.756944444444445
Las Condes,2010-04-20,17.03472222222222
Las Condes,2010-04-21,19.666666666666668
Las Condes,2010-05-20,26.006944444444443
Las Condes,2010-05-21,26.916666666666668
Las Condes,2010-06-20,21.31496062992126
Las Condes,2010-06-21,9.25
Las Condes,2010-07-20,24.61111111111111
Las Condes,2010-07-21,36.375
Las Condes,2010-08-20,23.77777777777778
Las Condes,2010-08-21,27.125
Las Condes,2010-09-20,18.446043165467625
Las Condes,2010-09-21,14.416666666666666
Las Condes,2010-10-20,16.104166666666668
Las Condes,2010-10-21,19.625
Las Condes,2010-11-20,12.57857142857143
Las Condes,2010-11-21,9.5
Las Condes,2010-12-20,14.36111111111111
Las Condes,2010-12-21,15.608695652173912
Las Condes,2011-01-20,13.20138888888889
Las Condes,2011-01-21,14.208333333333334
Las Condes,2011-02-20,21.59722222222222
Las Condes,2011-02-21,13.166666666666666
Las Condes,2011-03-20,13.381944444444445
Las Condes,2011-03-21,11.181818181818182
Las Condes,2011-04-20,16.323943661971832
Las Condes,2011-04-21,16
Las Condes,2011-05-20,28.92361111111111
Las Condes,2011-05-21,32.791666666666664
Las Condes,2011-06-20,19.97222222222222
Las Condes,2011-06-21,13.583333333333334
Las Condes,2011-07-20,29.006944444444443
Las Condes,2011-07-21,42.541666666666664
Las Condes,2011-08-20,24.619718309859156
Las Condes,2011-09-20,14.832167832167832
Las Condes,2011-09-21,15.833333333333334
Las Condes,2011-10-20,15.159722222222221
Las Condes,2011-10-21,21.375
Las Condes,2011-11-20,13.020979020979022
Las Condes,2011-11-21,8.041666666666666
Las Condes,2011-12-20,15.374045801526718
Las Condes,2011-12-21,15.833333333333334
Las Condes,2012-01-20,13.44055944055944
Las Condes,2012-01-21,16.041666666666668
Las Condes,2012-02-20,22.134328358208954
Las Condes,2012-02-21,14.583333333333334
Las Condes,2012-03-20,13.034965034965035
Las Condes,2012-03-21,9.958333333333334
Las Condes,2012-04-20,19.166666666666668
Las Condes,2012-04-21,15.166666666666666
Las Condes,2012-05-20,27.089655172413792
Las Condes,2012-05-21,29.333333333333332
Las Condes,2012-06-20,14.923076923076923
Las Condes,2012-06-21,11.166666666666666
Las Condes,2012-07-20,29.881944444444443
Las Condes,2012-07-21,26.166666666666668
Las Condes,2012-08-20,29.027972027972027
Las Condes,2012-08-21,21.833333333333332
Las Condes,2012-09-20,14.409722222222221
Las Condes,2012-09-21,18.52173913043478
Las Condes,2012-10-20,19.53146853146853
Las Condes,2012-10-21,28
Las Condes,2012-11-20,12.47887323943662
Las Condes,2012-11-21,9.791666666666666
Las Condes,2012-12-20,13.525
Las Condes,2012-12-21,13.541666666666666
Las Condes,2013-01-20,13.409722222222221
Las Condes,2013-01-21,20.291666666666668
Las Condes,2013-02-20,15.974576271186441
Las Condes,2013-02-21,14.25
Las Condes,2013-03-20,13.784615384615385
Las Condes,2013-03-21,9.666666666666666
Las Condes,2013-04-20,21.145833333333332
Las Condes,2013-04-21,18.083333333333332
Las Condes,2013-05-20,32.479166666666664
Las Condes,2013-05-21,29.083333333333332
Las Condes,2013-06-20,19.929577464788732
Las Condes,2013-06-21,5.8
Las Condes,2013-07-20,25.895833333333332
Las Condes,2013-07-21,23.625
Las Condes,2013-08-20,27.3986013986014
Las Condes,2013-08-21,28.791666666666668
Las Condes,2013-09-20,16.243055555555557
Las Condes,2013-09-21,20.458333333333332
Las Condes,2013-10-20,16.09722222222222
Las Condes,2013-10-21,22.166666666666668
Las Condes,2013-11-20,11.402777777777779
Las Condes,2013-11-21,13.125
Las Condes,2013-12-20,10.451127819548873
Las Condes,2013-12-21,15.541666666666666
Las Condes,2014-01-20,15.055555555555555
Las Condes,2014-01-21,11.375
Las Condes,2014-02-20,17.76984126984127
Las Condes,2014-02-21,17.75
Las Condes,2014-03-20,15.108333333333333
Las Condes,2014-03-21,10.416666666666666
Las Condes,2014-04-20,21.204225352112676
Las Condes,2014-04-21,11.916666666666666
Las Condes,2014-05-20,30.930555555555557
Las Condes,2014-05-21,28.083333333333332
Las Condes,2014-06-20,24.71527777777778
Las Condes,2014-07-20,30.240875912408757
Las Condes,2014-07-21,23.166666666666668
Las Condes,2014-08-20,24.03472222222222
Las Condes,2014-08-21,50.291666666666664
Las Condes,2014-09-20,21.118055555555557
Las Condes,2014-09-21,19.125
Las Condes,2014-10-20,14.465277777777779
Las Condes,2014-10-21,13.875
Las Condes,2014-11-20,10.930555555555555
Las Condes,2014-11-21,17.958333333333332
Las Condes,2014-12-20,11.70138888888889
Las Condes,2014-12-21,14.041666666666666
Las Condes,2015-01-20,13.347222222222221
Las Condes,2015-01-21,22.708333333333332
Las Condes,2015-02-20,22.13533834586466
Las Condes,2015-02-21,18.5
Las Condes,2015-03-20,14.388059701492537
Las Condes,2015-03-21,13.041666666666666
Las Condes,2015-04-20,24.65277777777778
Las Condes,2015-04-21,5.291666666666667
Las Condes,2015-05-20,32.00704225352113
Las Condes,2015-05-21,24.916666666666668
Las Condes,2015-06-20,23.61111111111111
Las Condes,2015-07-20,30.41726618705036
Las Condes,2015-07-21,24.818181818181817
Las Condes,2015-08-20,29.28472222222222
Las Condes,2015-08-21,59.125
Las Condes,2015-09-20,19.34722222222222
Las Condes,2015-09-21,14.208333333333334
Las Condes,2015-10-20,13.95138888888889
Las Condes,2015-10-21,15.541666666666666
Las Condes,2015-11-20,11.727272727272727
Las Condes,2015-11-21,16.416666666666668
Las Condes,2015-12-20,14.404255319148936
Las Condes,2015-12-21,14.125
Las Condes,2016-01-20,12.68421052631579
Las Condes,2016-01-21,9.583333333333334
Las Condes,2016-02-20,17.455223880597014
Las Condes,2016-02-21,18.916666666666668
Las Condes,2016-03-20,14.464285714285714
Las Condes,2016-03-21,13.916666666666666
Las Condes,2016-04-20,24.197183098591548
Las Condes,2016-04-21,9.625
Las Condes,2016-05-20,33.6875
Las Condes,2016-05-21,23.125
Las Condes,2016-06-20,22.243055555555557
Las Condes,2016-07-20,25.4375
Las Condes,2016-07-21,29.541666666666668
Las Condes,2016-08-20,28.618055555555557
Las Condes,2016-08-21,49.041666666666664
Las Condes,2016-09-20,18.61111111111111
Las Condes,2016-09-21,9.708333333333334
Las Condes,2016-10-20,14.444444444444445
Las Condes,2016-10-21,12.791666666666666
Las Condes,2016-11-20,11.305555555555555
Las Condes,2016-11-21,15.625
Las Condes,2016-12-20,18.263157894736842
Las Condes,2016-12-21,14.666666666666666
Las Condes,2017-01-20,12
Las Condes,2017-01-21,14.375
Las Condes,2017-02-20,13.808333333333334
Las Condes,2017-02-21,16.833333333333332
Las Condes,2017-03-20,13.273809523809524
Las Condes,2017-03-21,11.583333333333334
Las Condes,2017-04-20,22.09027777777778
Las Condes,2017-04-21,11.041666666666666
Las Condes,2017-05-20,24.42361111111111
Las Condes,2017-05-21,24.291666666666668
Las Condes,2017-06-20,20.868055555555557
Las Condes,2017-07-20,27.587412587412587
Las Condes,2017-07-21,30.333333333333332
Las Condes,2017-08-20,20.70138888888889
Las Condes,2017-08-21,43.875
Las Condes,2017-09-20,18.708333333333332
Las Condes,2017-09-21,19.041666666666668
Las Condes,2017-10-20,12.833333333333334
Las Condes,2017-10-21,15.791666666666666
Las Condes,2017-11-20,13.169230769230769
Las Condes,2017-11-21,15.083333333333334
Las Condes,2017-12-20,14.609022556390977
Las Condes,2017-12-21,14
Las Condes,2018-01-20,16.006944444444443
Las Condes,2018-01-21,14.541666666666666
Las Condes,2018-02-20,15.206349206349206
Las Condes,2018-02-21,12.541666666666666
Las Condes,2018-03-20,13
Las Condes,2018-03-21,12.458333333333334
Las Condes,2018-04-20,23.02777777777778
Las Condes,2018-04-21,12.625
Las Condes,2018-05-20,28.63888888888889
Las Condes,2018-05-21,26.916666666666668
Las Condes,2018-06-20,22.6875
Las Condes,2018-07-20,20.175182481751825
Las Condes,2018-07-21,43.125
Las Condes,2018-08-20,21.119718309859156
Las Condes,2018-08-21,43.083333333333336
Las Condes,2018-09-20,16.70138888888889
Las Condes,2018-09-21,15.75
Las Condes,2018-10-20,11.020979020979022
Las Condes,2018-10-21,18.375
Las Condes,2018-11-20,12.432
Las Condes,2018-11-21,11.875
Las Condes,2018-12-20,14.645833333333334
Las Condes,2018-12-21,14.625
Las Condes,2019-01-20,18.854166666666668
Las Condes,2019-01-21,16.166666666666668
Las Condes,2019-02-20,15.020833333333334
Las Condes,2019-02-21,17.916666666666668
Las Condes,2019-03-20,15.225352112676056
Las Condes,2019-03-21,12.666666666666666
Las Condes,2019-04-20,21.791666666666668
Las Condes,2019-04-21,15.875
Las Condes,2019-05-20,29.3125
Las Condes,2019-05-21,18.083333333333332
Las Condes,2019-06-20,29.18881118881119
Las Condes,2019-06-21,10
Las Condes,2019-07-20,20.27857142857143
Las Condes,2019-07-21,56.5
Las Condes,2019-08-20,19.67361111111111
Las Condes,2019-08-21,43.291666666666664
Las Condes,2019-09-20,17.17361111111111
Las Condes,2019-09-21,5.041666666666667
Las Condes,2019-10-20,13.75
Las Condes,2019-10-21,17.541666666666668
Las Condes,2019-11-20,14.326241134751774
Las Condes,2019-11-21,11.736842105263158
Las Condes,2019-12-20,14.583333333333334
Las Condes,2019-12-21,16.833333333333332
Las Condes,2020-01-20,18.13888888888889
Las Condes,2020-01-21,17.791666666666668
Las Condes,2020-02-20,14.767605633802816
Las Condes,2020-02-21,14.666666666666666
Las Condes,2020-03-20,17.25925925925926
Las Condes,2020-03-21,15.583333333333334
Las Condes,2020-04-20,22.645833333333332
Las Condes,2020-04-21,23.833333333333332
Las Condes,2020-05-20,20.82638888888889
Las Condes,2020-05-21,10.541666666666666
Las Condes,2020-06-20,31.67361111111111
Las Condes,2020-06-21,9.916666666666666
Las Condes,2020-07-20,22.03846153846154
Las Condes,2020-07-21,49.083333333333336
Las Condes,2020-08-20,14.27972027972028
Las Condes,2020-08-21,30.166666666666668
Las Condes,2020-09-20,13.979166666666666
Las Condes,2020-09-21,14
Las Condes,2020-10-20,15.035211267605634
Las Condes,2020-10-21,4.583333333333333
Las Condes,2020-11-20,13.1875
Las Condes,2020-11-21,14.7
Las Condes,2020-12-20,16.694444444444443
Las Condes,2020-12-21,27.916666666666668
Las Condes,2021-01-20,17.416666666666668
Las Condes,2021-01-21,18.583333333333332
Las Condes,2021-02-20,15.756944444444445
Las Condes,2021-02-21,13.75
Las Condes,2021-03-20,18.67924528301887
Las Condes,2021-03-21,15.958333333333334
Las Condes,2021-04-20,17.937062937062937
Las Condes,2021-04-21,21.416666666666668
Las Condes,2021-05-20,17.506944444444443
Las Condes,2021-05-21,13.875
Las Condes,2021-06-20,31.25
Las Condes,2021-06-21,4.25
Las Condes,2021-07-20,21.808333333333334
Las Condes,2021-07-21,32.791666666666664
Las Condes,2021-08-20,18.251748251748253
Las Condes,2021-08-21,22.208333333333332
Las Condes,2021-09-20,11.284722222222221
Las Condes,2021-09-21,17.833333333333332
Las Condes,2021-10-20,17.63888888888889
Las Condes,2021-10-21,8.375
Las Condes,2021-11-20,12.45138888888889
Las Condes,2021-11-21,14.875
Las Condes,2021-12-20,17.42361111111111
Las Condes,2021-12-21,32.666666666666664
Las Condes,2022-01-20,16.26388888888889
Las Condes,2022-01-21,18.208333333333332
Las Condes,2022-02-20,15.319444444444445
Las Condes,2022-02-21,7.875
Las Condes,2022-03-20,14.101694915254237
Las Condes,2022-03-21,11.25
Las Condes,2022-04-20,18.97222222222222
Las Condes,2022-04-21,8.083333333333334
Las Condes,2022-05-20,18.29861111111111
Las Condes,2022-05-21,8.083333333333334
Las Condes,2022-06-20,27.47887323943662
Las Condes,2022-06-21,2.5833333333333335
Las Condes,2022-07-20,22.241666666666667
Las Condes,2022-07-21,18.875
Las Condes,2022-08-20,22.430555555555557
Las Condes,2022-08-21,9.666666666666666
Las Condes,2022-09-20,13.069444444444445
Las Condes,2022-09-21,5.875
Las Condes,2022-10-20,14.979166666666666
Las Condes,2022-10-21,11.166666666666666
Las Condes,2022-11-20,12.840277777777779
Las Condes,2022-11-21,12.958333333333334
Las Condes,2022-12-20,15.98611111111111
Las Condes,2022-12-21,21.083333333333332
Las Condes,2023-01-20,17.03472222222222
Las Condes,2023-01-21,20.083333333333332
Las Condes,2023-02-20,12.546762589928058
Las Condes,2023-02-21,10
Las Condes,2023-03-20,9.283333333333333
Las Condes,2023-03-21,9.041666666666666
Las Condes,2023-04-20,23.09090909090909
Las Condes,2023-04-21,11.166666666666666
Las Condes,2023-05-20,17.888111888111887
Las Condes,2023-05-21,12
Las Condes,2023-06-20,21.85211267605634
Las Condes,2023-06-21,8.333333333333334
Las Condes,2023-07-20,24.765151515151516
Las Condes,2023-07-21,22.083333333333332
Las Condes,2023-08-20,21.985507246376812
Las Condes,2023-08-21,12.666666666666666
Las Condes,2023-09-20,17.77304964539007
Las Condes,2023-09-21,8
Las Condes,2023-10-20,13.5
Las Condes,2023-10-21,8.375
Las Condes,2023-11-20,14.277777777777779
Las Condes,2023-11-21,11.791666666666666
Las Condes,2023-12-20,15.277777777777779
Las Condes,2023-12-21,17.708333333333332
Las Condes,2024-01-20,16.20138888888889
Las Condes,2024-01-21,18.227272727272727
Las Condes,2024-02-20,11.784722222222221
Las Condes,2024-02-21,11.958333333333334
Las Condes,2024-03-20,10.10077519379845
Las Condes,2024-03-21,9.958333333333334
Las Condes,2024-04-20,20.91549295774648
Las Condes,2024-04-21,9.785714285714286
Las Condes,2024-05-20,20.444444444444443
Las Condes,2024-05-21,10.25
Las Condes,2024-06-20,15.45138888888889
Las Condes,2024-06-21,14.916666666666666
Las Condes,2024-07-20,24.868055555555557
Las Condes,2024-07-21,17.291666666666668
Las Condes,2024-08-11,31.208333333333332
Las Condes,2024-08-20,18.791666666666668
Las Condes,2024-08-21,19.333333333333332
Las Condes,2024-09-20,18.22962962962963
Las Condes,2024-09-21,15.208333333333334
Las Condes,2024-10-20,14.468531468531468
Las Condes,2024-10-21,10.708333333333334
Las Condes,2024-11-20,13.152777777777779
Las Condes,2024-11-21,9.875
Las Condes,2024-12-20,14.9375
Las Condes,2024-12-21,15.708333333333334
Las Condes,2025-01-20,16.53472222222222
Las Condes,2025-01-21,16.25
Las Condes,2025-02-20,12.0625
Las Condes,2025-02-21,13.5
Las Condes,2025-03-20,11.8671875
Las Condes,2025-03-21,10.833333333333334
Las Condes,2025-04-20,18.888111888111887
Las Condes,2025-04-21,11.083333333333334
Las Condes,2025-05-20,20.895104895104897
Las Condes,2025-05-21,16.357142857142858
Las Condes,2025-06-20,16.770833333333332
Las Condes,2025-06-21,14.041666666666666
Las Condes,2025-07-20,20.243055555555557
Las Condes,2025-07-21,19.541666666666668
Las Condes,2025-08-20,20.781690140845072
Las Condes,2025-08-21,11.458333333333334
Las Condes,2025-09-20,17.75
Las Condes,2025-09-21,15.416666666666666
Las Condes,2025-10-20,11.704225352112676
Las Condes,2025-10-21,12.666666666666666
Las Condes,2025-11-20,12.340277777777779
Las Condes,2025-11-21,10.458333333333334
Las Condes,2025-12-20,14.29861111111111
Las Condes,2025-12-21,14.708333333333334
Las Condes,2026-01-20,15.840277777777779
Las Condes,2026-01-21,16.166666666666668
Las Condes,2026-02-20,12.25925925925926
Las Condes,2026-02-21,14.958333333333334
Las Condes,2026-03-20,15.4
Las Condes,2026-03-21,13.333333333333334
Las Condes,2026-04-20,18.83916083916084
Las Condes,2026-04-21,10.208333333333334
Las Condes,2026-05-20,26.569444444444443
Las Condes,2026-05-21,22.541666666666668
Las Condes,2026-06-20,25.583333333333332
Las Condes,2026-06-21,19.416666666666668
Las Condes,2026-07-20,27.1875
Las Condes,2026-07-21,35.75
Las Condes,2026-08-20,18.956204379562045
Las Condes,2026-08-21,20.666666666666668
Las Condes,2026-09-20,15.358333333333333
Las Condes,2026-09-21,10.125
Las Condes,2026-10-20,11.449612403100776
Las Condes,2026-10-21,12.875
Las Condes,2026-11-20,12.74074074074074
Las Condes,2026-11-21,12.125
Las Condes,2026-12-20,14.874125874125873
Las Condes,2026-12-21,14.75
Las Condes,2027-01-20,15.847222222222221
Las Condes,2027-01-21,14.208333333333334
Las Condes,2027-02-20,12.719696969696969
Las Condes,2027-02-21,11.904761904761905
Las Condes,2027-03-20,17.551181102362204
Las Condes,2027-03-21,13.125
Las Condes,2027-04-20,23.71527777777778
Las Condes,2027-04-21,11.625
Las Condes,2027-05-20,28.84722222222222
Las Condes,2027-05-21,19.833333333333332
Las Condes,2027-06-20,19.13986013986014
Las Condes,2027-06-21,11.083333333333334
Las Condes,2027-07-20,30.167832167832167
Las Condes,2027-07-21,58.583333333333336
Las Condes,2027-08-20,24.82638888888889
Las Condes,2027-08-21,24.083333333333332
Las Condes,2027-09-20,13.53781512605042
Las Condes,2027-09-21,20.583333333333332
Las Condes,2027-10-20,12.496240601503759
Las Condes,2027-10-21,13.708333333333334
Las Condes,2027-11-20,14.50909090909091
Las Condes,2027-11-21,12.291666666666666
Las Condes,2027-12-20,15.98611111111111
Las Condes,2027-12-21,12.5
Las Condes,2028-01-20,16.04861111111111
Las Condes,2028-01-21,14.833333333333334
Las Condes,2028-02-20,15.13986013986014
Las Condes,2028-02-21,9.708333333333334
Las Condes,2028-03-20,20.34722222222222
Las Condes,2028-03-21,12.541666666666666
Las Condes,2028-04-20,24.819444444444443
Las Condes,2028-04-21,19.916666666666668
Las Condes,2028-05-20,33.09722222222222
Las Condes,2028-05-21,13.375
Las Condes,2028-06-20,15.555555555555555
Las Condes,2028-06-21,30.208333333333332
Las Condes,2028-07-20,23.38888888888889
Las Condes,2028-07-21,42.958333333333336
Las Condes,2028-08-20,21.083333333333332
Las Condes,2028-08-21,32.333333333333336
Las Condes,2028-09-20,13.74436090225564
Las Condes,2028-09-21,19.583333333333332
Las Condes,2028-10-20,11.787878787878787
Las Condes,2028-10-21,14.833333333333334
Las Condes,2028-11-20,14
Las Condes,2028-11-21,10.958333333333334
Las Condes,2028-12-20,16.118055555555557
Las Condes,2028-12-21,11.875
Las Condes,2029-01-20,14.354166666666666
Las Condes,2029-01-21,15
Las Condes,2029-02-20,21.458333333333332
Las Condes,2029-02-21,11.521739130434783
Las Condes,2029-03-20,18.26388888888889
Las Condes,2029-03-21,14.958333333333334
Las Condes,2029-04-20,21.75
Las Condes,2029-04-21,12.833333333333334
Las Condes,2029-05-20,28.70138888888889
Las Condes,2029-05-21,30.708333333333332
Las Condes,2029-06-20,14.95138888888889
Las Condes,2029-06-21,17
Las Condes,2029-07-20,21.638297872340427
Las Condes,2029-07-21,19.833333333333332
Las Condes,2029-08-20,17
Las Condes,2029-08-21,28
Las Condes,2029-09-20,15.1328125
Las Condes,2029-09-21,16.458333333333332
Las Condes,2029-10-20,10.428571428571429
Las Condes,2029-10-21,16.541666666666668
Las Condes,2029-11-20,15.3109243697479
Las Condes,2029-11-21,12.416666666666666
Las Condes,2029-12-20,14.166666666666666
Las Condes,2029-12-21,11.5
Las Condes,2030-01-20,14.73943661971831
Las Condes,2030-01-21,18.916666666666668
Las Condes,2030-03-20,18.069444444444443
Las Condes,2030-03-21,15.875
Las Condes,2030-04-20,26.47222222222222
Las Condes,2030-04-21,5.7272727272727275
Las Condes,2030-05-20,29.846153846153847
Las Condes,2030-05-21,19.25
Las Condes,2030-06-20,21.65972222222222
Las Condes,2030-06-21,13.541666666666666
Las Condes,2030-07-20,29.291666666666668
Las Condes,2030-07-21,30
Las Condes,2030-08-20,20.979166666666668
Las Condes,2030-08-21,19.5
Las Condes,2030-09-20,14.272727272727273
Las Condes,2030-09-21,13.916666666666666
Las Condes,2030-10-20,9.446153846153846
Las Condes,2030-10-21,16.166666666666668
Las Condes,2030-11-20,13.023255813953488
Las Condes,2030-11-21,11.166666666666666
Las Condes,2030-12-20,14.608695652173912
Las Condes,2030-12-21,14.5
Las Condes,2031-01-20,13.666666666666666
Las Condes,2031-01-21,16.458333333333332
Las Condes,2031-03-20,15.770833333333334
Las Condes,2031-03-21,8.291666666666666
Las Condes,2031-05-20,25.430555555555557
Las Condes,2031-05-21,19.083333333333332
Las Condes,2031-07-20,30.055555555555557
Las Condes,2031-07-21,44
Las Condes,2031-08-20,22.041666666666668
Las Condes,2031-08-21,23.333333333333332
Las Condes,2031-10-20,12.277777777777779
Las Condes,2031-10-21,13.791666666666666
Las Condes,2031-12-20,15.263565891472869
Las Condes,2031-12-21,10.958333333333334
Parque O'Higgins,2001-01-20,15.734265734265735
Parque O'Higgins,2001-01-21,8.333333333333334
Parque O'Higgins,2001-02-20,16.583333333333332
Parque O'Higgins,2001-02-21,27.0625
Parque O'Higgins,2001-03-20,17.131944444444443
Parque O'Higgins,2001-03-21,12.15
Parque O'Higgins,2001-04-20,21.575
Parque O'Higgins,2001-04-21,7.083333333333333
Parque O'Higgins,2001-05-20,33.861111111111114
Parque O'Higgins,2001-05-21,13.541666666666666
Parque O'Higgins,2001-06-20,37.93055555555556
Parque O'Higgins,2001-06-21,49.541666666666664
Parque O'Higgins,2001-07-20,35.27777777777778
Parque O'Higgins,2001-07-21,37
Parque O'Higgins,2001-08-20,42.895833333333336
Parque O'Higgins,2001-08-21,21.958333333333332
Parque O'Higgins,2001-09-20,26.333333333333332
Parque O'Higgins,2001-09-21,27.083333333333332
Parque O'Higgins,2001-10-20,13.479166666666666
Parque O'Higgins,2001-10-21,10
Parque O'Higgins,2001-11-20,12.159722222222221
Parque O'Higgins,2001-11-21,8.541666666666666
Parque O'Higgins,2001-12-20,12.375
Parque O'Higgins,2001-12-21,5.75
Parque O'Higgins,2002-01-20,12.965034965034965
Parque O'Higgins,2002-01-21,12.583333333333334
Parque O'Higgins,2002-02-20,18.27972027972028
Parque O'Higgins,2002-02-21,14.333333333333334
Parque O'Higgins,2002-03-20,17.84722222222222
Parque O'Higgins,2002-03-21,12.333333333333334
Parque O'Higgins,2002-04-20,24.462809917355372
Parque O'Higgins,2002-05-20,28.61111111111111
Parque O'Higgins,2002-05-21,16.041666666666668
Parque O'Higgins,2002-06-20,40.30555555555556
Parque O'Higgins,2002-06-21,63.416666666666664
Parque O'Higgins,2002-07-20,36.43055555555556
Parque O'Higgins,2002-07-21,33.083333333333336
Parque O'Higgins,2002-08-20,45.326388888888886
Parque O'Higgins,2002-08-21,1.8
Parque O'Higgins,2002-09-20,29.63888888888889
Parque O'Higgins,2002-09-21,8.75
Parque O'Higgins,2002-10-20,13.166666666666666
Parque O'Higgins,2002-10-21,15.708333333333334
Parque O'Higgins,2002-11-20,12.36111111111111
Parque O'Higgins,2002-11-21,7.166666666666667
Parque O'Higgins,2002-12-20,12.875
Parque O'Higgins,2002-12-21,8.208333333333334
Parque O'Higgins,2003-01-20,14.902777777777779
Parque O'Higgins,2003-01-21,15.708333333333334
Parque O'Higgins,2003-02-20,17.78472222222222
Parque O'Higgins,2003-02-21,17.375
Parque O'Higgins,2003-03-20,16.875
Parque O'Higgins,2003-03-21,8.958333333333334
Parque O'Higgins,2003-04-20,23.49586776859504
Parque O'Higgins,2003-05-20,28.23611111111111
Parque O'Higgins,2003-05-21,21.25
Parque O'Higgins,2003-06-20,27.90277777777778
Parque O'Higgins,2003-06-21,42.47826086956522
Parque O'Higgins,2003-07-20,46.22222222222222
Parque O'Higgins,2003-07-21,33
Parque O'Higgins,2003-08-20,44.02777777777778
Parque O'Higgins,2003-08-21,15.666666666666666
Parque O'Higgins,2003-09-20,26.37062937062937
Parque O'Higgins,2003-09-21,13.75
Parque O'Higgins,2003-10-20,11.208333333333334
Parque O'Higgins,2003-10-21,18.17391304347826
Parque O'Higgins,2003-11-20,12.708333333333334
Parque O'Higgins,2003-11-21,6.208333333333333
Parque O'Higgins,2003-12-20,11.045112781954888
Parque O'Higgins,2003-12-21,10.666666666666666
Parque O'Higgins,2004-01-20,14.47887323943662
Parque O'Higgins,2004-01-21,16.5
Parque O'Higgins,2004-02-20,15.534722222222221
Parque O'Higgins,2004-02-21,29.25
Parque O'Higgins,2004-03-20,15.347222222222221
Parque O'Higgins,2004-03-21,11.583333333333334
Parque O'Higgins,2004-04-20,21.85123966942149
Parque O'Higgins,2004-05-20,27.153846153846153
Parque O'Higgins,2004-05-21,21.333333333333332
Parque O'Higgins,2004-06-20,37.229166666666664
Parque O'Higgins,2004-06-21,61.666666666666664
Parque O'Higgins,2004-07-20,40.99305555555556
Parque O'Higgins,2004-07-21,28.5
Parque O'Higgins,2004-08-20,41.18055555555556
Parque O'Higgins,2004-08-21,29.791666666666668
Parque O'Higgins,2004-09-20,25.4375
Parque O'Higgins,2004-09-21,22.291666666666668
Parque O'Higgins,2004-10-20,13.625
Parque O'Higgins,2004-10-21,17.833333333333332
Parque O'Higgins,2004-11-20,12.36111111111111
Parque O'Higgins,2004-11-21,8.791666666666666
Parque O'Higgins,2004-12-20,11.895104895104895
Parque O'Higgins,2004-12-21,16.833333333333332
Parque O'Higgins,2005-01-20,15.42361111111111
Parque O'Higgins,2005-01-21,12.333333333333334
Parque O'Higgins,2005-02-20,15.458333333333334
Parque O'Higgins,2005-02-21,21.25
Parque O'Higgins,2005-03-20,17.676056338028168
Parque O'Higgins,2005-03-21,11.708333333333334
Parque O'Higgins,2005-04-20,19.925
Parque O'Higgins,2005-04-21,13.333333333333334
Parque O'Higgins,2005-05-20,32.479166666666664
Parque O'Higgins,2005-05-21,31.458333333333332
Parque O'Higgins,2005-06-20,37.28472222222222
Parque O'Higgins,2005-06-21,54.666666666666664
Parque O'Higgins,2005-07-20,36.013888888888886
Parque O'Higgins,2005-07-21,59.666666666666664
Parque O'Higgins,2005-08-20,41.09027777777778
Parque O'Higgins,2005-08-21,15
Parque O'Higgins,2005-09-20,25.345070422535212
Parque O'Higgins,2005-09-21,24
Parque O'Higgins,2005-10-20,15.743055555555555
Parque O'Higgins,2005-10-21,14.625
Parque O'Higgins,2005-11-20,11.875
Parque O'Higgins,2005-11-21,11.083333333333334
Parque O'Higgins,2005-12-20,13.555555555555555
Parque O'Higgins,2005-12-21,9.25
Parque O'Higgins,2006-01-20,13.972222222222221
Parque O'Higgins,2006-01-21,10.791666666666666
Parque O'Higgins,2006-02-20,21.833333333333332
Parque O'Higgins,2006-02-21,19.041666666666668
Parque O'Higgins,2006-03-20,15
Parque O'Higgins,2006-03-21,16.666666666666668
Parque O'Higgins,2006-04-20,18.23846153846154
Parque O'Higgins,2006-04-21,15.2
Parque O'Higgins,2006-05-20,36.111111111111114
Parque O'Higgins,2006-05-21,18.708333333333332
Parque O'Higgins,2006-06-20,32.190140845070424
Parque O'Higgins,2006-06-21,63.7
Parque O'Higgins,2006-07-20,31.305555555555557
Parque O'Higgins,2006-07-21,54.166666666666664
Parque O'Higgins,2006-08-20,36.34027777777778
Parque O'Higgins,2006-08-21,5.708333333333333
Parque O'Higgins,2006-09-20,22.433566433566433
Parque O'Higgins,2006-09-21,18.083333333333332
Parque O'Higgins,2006-10-20,17.65972222222222
Parque O'Higgins,2006-10-21,13.208333333333334
Parque O'Higgins,2006-11-20,12.680555555555555
Parque O'Higgins,2006-11-21,12.666666666666666
Parque O'Higgins,2006-12-20,16.356589147286822
Parque O'Higgins,2006-12-21,7.416666666666667
Parque O'Higgins,2007-01-20,14.57638888888889
Parque O'Higgins,2007-01-21,6.541666666666667
Parque O'Higgins,2007-02-20,27.180555555555557
Parque O'Higgins,2007-02-21,15.25
Parque O'Higgins,2007-03-20,13.825
Parque O'Higgins,2007-03-21,9.916666666666666
Parque O'Higgins,2007-04-20,17.708333333333332
Parque O'Higgins,2007-04-21,18.5
Parque O'Higgins,2007-05-20,35.138888888888886
Parque O'Higgins,2007-05-21,9.25
Parque O'Higgins,2007-06-20,42.43262411347518
Parque O'Higgins,2007-06-21,56.291666666666664
Parque O'Higgins,2007-07-20,44.208333333333336
Parque O'Higgins,2007-07-21,61.958333333333336
Parque O'Higgins,2007-08-20,27.21527777777778
Parque O'Higgins,2007-08-21,17.708333333333332
Parque O'Higgins,2007-09-20,16.180555555555557
Parque O'Higgins,2007-09-21,16.208333333333332
Parque O'Higgins,2007-10-20,17.208333333333332
Parque O'Higgins,2007-10-21,12.625
Parque O'Higgins,2007-11-20,13.17605633802817
Parque O'Higgins,2007-11-21,12.625
Parque O'Higgins,2007-12-20,19.515151515151516
Parque O'Higgins,2007-12-21,11.041666666666666
Parque O'Higgins,2008-01-20,11.640845070422536
Parque O'Higgins,2008-01-21,8.541666666666666
Parque O'Higgins,2008-02-20,23.305555555555557
Parque O'Higgins,2008-02-21,10.875
Parque O'Higgins,2008-03-20,12.566929133858268
Parque O'Higgins,2008-03-21,6.958333333333333
Parque O'Higgins,2008-04-20,18.8125
Parque O'Higgins,2008-04-21,16.916666666666668
Parque O'Higgins,2008-05-20,33.583333333333336
Parque O'Higgins,2008-05-21,17.875
Parque O'Higgins,2008-06-20,42.37062937062937
Parque O'Higgins,2008-06-21,24.666666666666668
Parque O'Higgins,2008-07-20,41.9375
Parque O'Higgins,2008-07-21,59.083333333333336
Parque O'Higgins,2008-08-20,33.548611111111114
Parque O'Higgins,2008-08-21,36.875
Parque O'Higgins,2008-09-20,17.888111888111887
Parque O'Higgins,2008-09-21,24.130434782608695
Parque O'Higgins,2008-10-20,11.972222222222221
Parque O'Higgins,2008-10-21,5.25
Parque O'Higgins,2008-11-20,14.907801418439716
Parque O'Higgins,2008-11-21,13.25
Parque O'Higgins,2008-12-20,16.20138888888889
Parque O'Higgins,2008-12-21,7.166666666666667
Parque O'Higgins,2009-01-20,10.712121212121213
Parque O'Higgins,2009-01-21,8.666666666666666
Parque O'Higgins,2009-02-20,27.104166666666668
Parque O'Higgins,2009-02-21,10.083333333333334
Parque O'Higgins,2009-03-20,15.618055555555555
Parque O'Higgins,2009-03-21,7.916666666666667
Parque O'Higgins,2009-04-20,16.84027777777778
Parque O'Higgins,2009-04-21,27.291666666666668
Parque O'Higgins,2009-05-20,30.854166666666668
Parque O'Higgins,2009-05-21,28.416666666666668
Parque O'Higgins,2009-06-20,37.49305555555556
Parque O'Higgins,2009-06-21,9.208333333333334
Parque O'Higgins,2009-07-20,37.81944444444444
Parque O'Higgins,2009-07-21,39.95454545454545
Parque O'Higgins,2009-08-20,36.083333333333336
Parque O'Higgins,2009-08-21,34.791666666666664
Parque O'Higgins,2009-09-20,24.797202797202797
Parque O'Higgins,2009-09-21,22.833333333333332
Parque O'Higgins,2009-10-20,16.47222222222222
Parque O'Higgins,2009-10-21,12.666666666666666
Parque O'Higgins,2009-11-20,12.472222222222221
Parque O'Higgins,2009-11-21,10.416666666666666
Parque O'Higgins,2009-12-20,11.666666666666666
Parque O'Higgins,2009-12-21,12
Parque O'Higgins,2010-01-20,11.79861111111111
Parque O'Higgins,2010-01-21,12.25
Parque O'Higgins,2010-02-20,25.133802816901408
Parque O'Higgins,2010-02-21,14.125
Parque O'Higgins,2010-03-20,14.027777777777779
Parque O'Higgins,2010-03-21,10.666666666666666
Parque O'Higgins,2010-04-20,17.874125874125873
Parque O'Higgins,2010-04-21,21.208333333333332
Parque O'Higgins,2010-05-20,35.34722222222222
Parque O'Higgins,2010-05-21,29.666666666666668
Parque O'Higgins,2010-06-20,36.34027777777778
Parque O'Higgins,2010-06-21,27.583333333333332
Parque O'Higgins,2010-07-20,44.43055555555556
Parque O'Higgins,2010-07-21,29.291666666666668
Parque O'Higgins,2010-08-20,33.1875
Parque O'Higgins,2010-08-21,34.791666666666664
Parque O'Higgins,2010-09-20,26.708333333333332
Parque O'Higgins,2010-09-21,11.916666666666666
Parque O'Higgins,2010-10-20,15.628787878787879
Parque O'Higgins,2010-10-21,14.85
Parque O'Higgins,2010-11-20,11.661971830985916
Parque O'Higgins,2010-11-21,4.541666666666667
Parque O'Higgins,2010-12-20,11.418604651162791
Parque O'Higgins,2010-12-21,14.08695652173913
Parque O'Higgins,2011-01-20,12.791666666666666
Parque O'Higgins,2011-01-21,13.75
Parque O'Higgins,2011-02-20,22.13888888888889
Parque O'Higgins,2011-02-21,9.791666666666666
Parque O'Higgins,2011-03-20,14.694444444444445
Parque O'Higgins,2011-03-21,9.791666666666666
Parque O'Higgins,2011-04-20,18.15277777777778
Parque O'Higgins,2011-04-21,14.916666666666666
Parque O'Higgins,2011-05-20,39.86805555555556
Parque O'Higgins,2011-05-21,38.5
Parque O'Higgins,2011-06-20,37.138888888888886
Parque O'Higgins,2011-06-21,41.416666666666664
Parque O'Higgins,2011-07-20,43.673611111111114
Parque O'Higgins,2011-07-21,56.166666666666664
Parque O'Higgins,2011-08-20,30.78472222222222
Parque O'Higgins,2011-09-20,15.153846153846153
Parque O'Higgins,2011-09-21,12.541666666666666
Parque O'Higgins,2011-10-20,15.207407407407407
Parque O'Higgins,2011-10-21,12
Parque O'Higgins,2011-11-20,10.464788732394366
Parque O'Higgins,2011-11-21,5.875
Parque O'Higgins,2011-12-20,13.484126984126984
Parque O'Higgins,2011-12-21,14.458333333333334
Parque O'Higgins,2012-01-20,11.645833333333334
Parque O'Higgins,2012-01-21,14.666666666666666
Parque O'Higgins,2012-02-20,22.479166666666668
Parque O'Higgins,2012-02-21,13.041666666666666
Parque O'Higgins,2012-03-20,14.868055555555555
Parque O'Higgins,2012-03-21,4.791666666666667
Parque O'Higgins,2012-04-20,19.713286713286713
Parque O'Higgins,2012-04-21,14.333333333333334
Parque O'Higgins,2012-05-20,38.648275862068964
Parque O'Higgins,2012-05-21,29.416666666666668
Parque O'Higgins,2012-06-20,41.802919708029194
Parque O'Higgins,2012-06-21,28.75
Parque O'Higgins,2012-07-20,45.076388888888886
Parque O'Higgins,2012-07-21,50.041666666666664
Parque O'Higgins,2012-08-20,31.76923076923077
Parque O'Higgins,2012-08-21,36.291666666666664
Parque O'Higgins,2012-09-20,22.25
Parque O'Higgins,2012-09-21,17.125
Parque O'Higgins,2012-10-20,18.746031746031747
Parque O'Higgins,2012-10-21,18.208333333333332
Parque O'Higgins,2012-11-20,10.57638888888889
Parque O'Higgins,2012-11-21,10.083333333333334
Parque O'Higgins,2012-12-20,11.293233082706767
Parque O'Higgins,2012-12-21,9.416666666666666
Parque O'Higgins,2013-01-20,11.6
Parque O'Higgins,2013-01-21,12.5
Parque O'Higgins,2013-02-20,15.902777777777779
Parque O'Higgins,2013-02-21,13.416666666666666
Parque O'Higgins,2013-03-20,15.71830985915493
Parque O'Higgins,2013-03-21,7.208333333333333
Parque O'Higgins,2013-04-20,23.6875
Parque O'Higgins,2013-04-21,14.5
Parque O'Higgins,2013-05-20,46.45454545454545
Parque O'Higgins,2013-05-21,31.833333333333332
Parque O'Higgins,2013-06-20,36.854166666666664
Parque O'Higgins,2013-06-21,4.666666666666667
Parque O'Higgins,2013-07-20,51.26573426573427
Parque O'Higgins,2013-07-21,82.625
Parque O'Higgins,2013-08-20,42.16783216783217
Parque O'Higgins,2013-08-21,29.90909090909091
Parque O'Higgins,2013-09-20,19
Parque O'Higgins,2013-09-21,16.291666666666668
Parque O'Higgins,2013-10-20,19.016666666666666
Parque O'Higgins,2013-10-21,14.708333333333334
Parque O'Higgins,2013-11-20,9.722222222222221
Parque O'Higgins,2013-11-21,16.333333333333332
Parque O'Higgins,2013-12-20,10.152777777777779
Parque O'Higgins,2013-12-21,14.458333333333334
Parque O'Higgins,2014-01-20,12.819444444444445
Parque O'Higgins,2014-01-21,9.583333333333334
Parque O'Higgins,2014-02-20,17.130434782608695
Parque O'Higgins,2014-02-21,13.833333333333334
Parque O'Higgins,2014-03-20,16.8125
Parque O'Higgins,2014-03-21,8.333333333333334
Parque O'Higgins,2014-04-20,26.45138888888889
Parque O'Higgins,2014-04-21,12.791666666666666
Parque O'Higgins,2014-05-20,45.19580419580419
Parque O'Higgins,2014-05-21,40.666666666666664
Parque O'Higgins,2014-06-20,39.916666666666664
Parque O'Higgins,2014-06-21,13
Parque O'Higgins,2014-07-20,46.9375
Parque O'Higgins,2014-07-21,75.91666666666667
Parque O'Higgins,2014-08-20,33.25174825174825
Parque O'Higgins,2014-08-21,38.61904761904762
Parque O'Higgins,2014-09-20,24.125
Parque O'Higgins,2014-09-21,26.208333333333332
Parque O'Higgins,2014-10-20,13.691666666666666
Parque O'Higgins,2014-10-21,12.625
Parque O'Higgins,2014-11-20,11.041666666666666
Parque O'Higgins,2014-11-21,14.958333333333334
Parque O'Higgins,2014-12-20,12.028571428571428
Parque O'Higgins,2014-12-21,11.916666666666666
Parque O'Higgins,2015-01-20,13.493055555555555
Parque O'Higgins,2015-01-21,9.083333333333334
Parque O'Higgins,2015-02-20,18.63888888888889
Parque O'Higgins,2015-02-21,14
Parque O'Higgins,2015-03-20,16.3125
Parque O'Higgins,2015-03-21,13.25
Parque O'Higgins,2015-04-20,25.73611111111111
Parque O'Higgins,2015-04-21,9.833333333333334
Parque O'Higgins,2015-05-20,46.020833333333336
Parque O'Higgins,2015-05-21,32.541666666666664
Parque O'Higgins,2015-06-20,38.75
Parque O'Higgins,2015-06-21,31.333333333333332
Parque O'Higgins,2015-07-20,46.09722222222222
Parque O'Higgins,2015-07-21,66.70833333333333
Parque O'Higgins,2015-08-20,33.541666666666664
Parque O'Higgins,2015-08-21,46.63636363636363
Parque O'Higgins,2015-09-20,21.166666666666668
Parque O'Higgins,2015-09-21,19.458333333333332
Parque O'Higgins,2015-10-20,16.925
Parque O'Higgins,2015-10-21,18.125
Parque O'Higgins,2015-11-20,11.125
Parque O'Higgins,2015-11-21,12.416666666666666
Parque O'Higgins,2015-12-20,14.888059701492537
Parque O'Higgins,2015-12-21,12.291666666666666
Parque O'Higgins,2016-01-20,14.587412587412587
Parque O'Higgins,2016-01-21,9.666666666666666
Parque O'Higgins,2016-02-20,16.375
Parque O'Higgins,2016-02-21,14.291666666666666
Parque O'Higgins,2016-03-20,12.813084112149532
Parque O'Higgins,2016-03-21,12.875
Parque O'Higgins,2016-04-20,27.041666666666668
Parque O'Higgins,2016-04-21,17.125
Parque O'Higgins,2016-05-20,47.708333333333336
Parque O'Higgins,2016-05-21,29.695652173913043
Parque O'Higgins,2016-06-20,41.47826086956522
Parque O'Higgins,2016-06-21,40.5
Parque O'Higgins,2016-07-20,49.333333333333336
Parque O'Higgins,2016-07-21,60.333333333333336
Parque O'Higgins,2016-08-20,32.736111111111114
Parque O'Higgins,2016-08-21,35.8
Parque O'Higgins,2016-09-20,18.15972222222222
Parque O'Higgins,2016-09-21,19.708333333333332
Parque O'Higgins,2016-10-20,13.488721804511279
Parque O'Higgins,2016-10-21,11.375
Parque O'Higgins,2016-11-20,10.506944444444445
Parque O'Higgins,2016-11-21,12.958333333333334
Parque O'Higgins,2016-12-20,23.15277777777778
Parque O'Higgins,2016-12-21,11.291666666666666
Parque O'Higgins,2017-01-20,13.72027972027972
Parque O'Higgins,2017-01-21,14.25
Parque O'Higgins,2017-02-20,14.415492957746478
Parque O'Higgins,2017-02-21,14.208333333333334
Parque O'Higgins,2017-03-20,12.329268292682928
Parque O'Higgins,2017-03-21,12.166666666666666
Parque O'Higgins,2017-04-20,26.368794326241133
Parque O'Higgins,2017-04-21,22.583333333333332
Parque O'Higgins,2017-05-20,33.645833333333336
Parque O'Higgins,2017-05-21,32.708333333333336
Parque O'Higgins,2017-06-20,39.72222222222222
Parque O'Higgins,2017-06-21,41.25
Parque O'Higgins,2017-07-20,52.388888888888886
Parque O'Higgins,2017-07-21,42.791666666666664
Parque O'Higgins,2017-08-20,23.20138888888889
Parque O'Higgins,2017-08-21,31.153846153846153
Parque O'Higgins,2017-09-20,20.22222222222222
Parque O'Higgins,2017-09-21,15.041666666666666
Parque O'Higgins,2017-10-20,14.006944444444445
Parque O'Higgins,2017-10-21,15.125
Parque O'Higgins,2017-11-20,12.833333333333334
Parque O'Higgins,2017-11-21,11.541666666666666
Parque O'Higgins,2017-12-20,13.152777777777779
Parque O'Higgins,2017-12-21,11.5
Parque O'Higgins,2018-01-20,17.708333333333332
Parque O'Higgins,2018-01-21,13.583333333333334
Parque O'Higgins,2018-02-20,14.743055555555555
Parque O'Higgins,2018-02-21,11.75
Parque O'Higgins,2018-03-20,12.329113924050633
Parque O'Higgins,2018-03-21,14.875
Parque O'Higgins,2018-04-20,24.28985507246377
Parque O'Higgins,2018-04-21,19.5
Parque O'Higgins,2018-05-20,36.604166666666664
Parque O'Higgins,2018-05-21,39.083333333333336
Parque O'Higgins,2018-06-20,44.826388888888886
Parque O'Higgins,2018-06-21,7.375
Parque O'Higgins,2018-07-20,42.15277777777778
Parque O'Higgins,2018-07-21,41.333333333333336
Parque O'Higgins,2018-08-20,21.6875
Parque O'Higgins,2018-08-21,26.823529411764707
Parque O'Higgins,2018-09-20,18.125
Parque O'Higgins,2018-09-21,31.291666666666668
Parque O'Higgins,2018-10-20,14.027777777777779
Parque O'Higgins,2018-10-21,16.375
Parque O'Higgins,2018-11-20,15.541666666666666
Parque O'Higgins,2018-11-21,10.625
Parque O'Higgins,2018-12-20,11.875
Parque O'Higgins,2018-12-21,11.5
Parque O'Higgins,2019-01-20,17.26388888888889
Parque O'Higgins,2019-01-21,14.625
Parque O'Higgins,2019-02-20,13.743055555555555
Parque O'Higgins,2019-02-21,15.333333333333334
Parque O'Higgins,2019-03-20,15.228571428571428
Parque O'Higgins,2019-03-21,15.791666666666666
Parque O'Higgins,2019-04-20,22.915384615384614
Parque O'Higgins,2019-04-21,22.208333333333332
Parque O'Higgins,2019-05-20,36.49305555555556
Parque O'Higgins,2019-05-21,47.458333333333336
Parque O'Higgins,2019-06-20,54.76223776223776
Parque O'Higgins,2019-06-21,12.625
Parque O'Higgins,2019-07-20,41.65972222222222
Parque O'Higgins,2019-07-21,40.333333333333336
Parque O'Higgins,2019-08-20,30.458333333333332
Parque O'Higgins,2019-08-21,26.736842105263158
Parque O'Higgins,2019-09-20,20.368055555555557
Parque O'Higgins,2019-09-21,6.166666666666667
Parque O'Higgins,2019-10-20,15.854166666666666
Parque O'Higgins,2019-10-21,14.458333333333334
Parque O'Higgins,2019-11-20,15.321678321678322
Parque O'Higgins,2019-11-21,11.333333333333334
Parque O'Higgins,2019-12-20,16.34722222222222
Parque O'Higgins,2019-12-21,15.875
Parque O'Higgins,2020-01-20,15.42361111111111
Parque O'Higgins,2020-01-21,17.666666666666668
Parque O'Higgins,2020-02-20,14.61111111111111
Parque O'Higgins,2020-02-21,10.541666666666666
Parque O'Higgins,2020-03-20,16.25438596491228
Parque O'Higgins,2020-03-21,10.166666666666666
Parque O'Higgins,2020-04-20,22.54861111111111
Parque O'Higgins,2020-04-21,28.25
Parque O'Higgins,2020-05-20,28.166666666666668
Parque O'Higgins,2020-05-21,32.625
Parque O'Higgins,2020-06-20,50.458333333333336
Parque O'Higgins,2020-06-21,23.541666666666668
Parque O'Higgins,2020-07-20,41.75
Parque O'Higgins,2020-07-21,52.041666666666664
Parque O'Higgins,2020-08-20,31.493055555555557
Parque O'Higgins,2020-08-21,19.066666666666666
Parque O'Higgins,2020-09-20,22.256944444444443
Parque O'Higgins,2020-09-21,21.666666666666668
Parque O'Higgins,2020-10-20,14.729166666666666
Parque O'Higgins,2020-10-21,3.875
Parque O'Higgins,2020-11-20,12.669014084507042
Parque O'Higgins,2020-11-21,12.166666666666666
Parque O'Higgins,2020-12-20,15.847222222222221
Parque O'Higgins,2020-12-21,21.291666666666668
Parque O'Higgins,2021-01-20,14.256944444444445
Parque O'Higgins,2021-01-21,17.6
Parque O'Higgins,2021-02-20,14.583333333333334
Parque O'Higgins,2021-02-21,8.625
Parque O'Higgins,2021-03-20,13.462264150943396
Parque O'Higgins,2021-03-21,15.833333333333334
Parque O'Higgins,2021-04-20,19.604166666666668
Parque O'Higgins,2021-04-21,16.75
Parque O'Higgins,2021-05-20,24.881944444444443
Parque O'Higgins,2021-05-21,15.083333333333334
Parque O'Higgins,2021-06-20,47.75694444444444
Parque O'Higgins,2021-06-21,8.416666666666666
Parque O'Higgins,2021-07-20,29.791666666666668
Parque O'Higgins,2021-07-21,33.791666666666664
Parque O'Higgins,2021-08-20,29.52777777777778
Parque O'Higgins,2021-08-21,18.636363636363637
Parque O'Higgins,2021-09-20,18.3125
Parque O'Higgins,2021-09-21,9.791666666666666
Parque O'Higgins,2021-10-20,18.53787878787879
Parque O'Higgins,2021-10-21,6.333333333333333
Parque O'Higgins,2021-11-20,11.791666666666666
Parque O'Higgins,2021-11-21,11.416666666666666
Parque O'Higgins,2021-12-20,15.237762237762238
Parque O'Higgins,2021-12-21,17.25
Parque O'Higgins,2022-01-20,15.1875
Parque O'Higgins,2022-01-21,20.333333333333332
Parque O'Higgins,2022-02-20,13.958333333333334
Parque O'Higgins,2022-02-21,6.333333333333333
Parque O'Higgins,2022-03-20,10.116666666666667
Parque O'Higgins,2022-03-21,11.25
Parque O'Higgins,2022-04-20,23.0625
Parque O'Higgins,2022-04-21,13.5
Parque O'Higgins,2022-05-20,31.971830985915492
Parque O'Higgins,2022-05-21,14.541666666666666
Parque O'Higgins,2022-06-20,43.90909090909091
Parque O'Higgins,2022-06-21,5.041666666666667
Parque O'Higgins,2022-07-20,31.26388888888889
Parque O'Higgins,2022-07-21,39.791666666666664
Parque O'Higgins,2022-08-20,28.895833333333332
Parque O'Higgins,2022-08-21,5.3
Parque O'Higgins,2022-09-20,16.47222222222222
Parque O'Higgins,2022-09-21,9.958333333333334
Parque O'Higgins,2022-10-20,16.73846153846154
Parque O'Higgins,2022-10-21,10
Parque O'Higgins,2022-11-20,12.42361111111111
Parque O'Higgins,2022-11-21,6.583333333333333
Parque O'Higgins,2022-12-20,15.020979020979022
Parque O'Higgins,2022-12-21,17.916666666666668
Parque O'Higgins,2023-01-20,14.347222222222221
Parque O'Higgins,2023-01-21,18.166666666666668
Parque O'Higgins,2023-02-20,13.61111111111111
Parque O'Higgins,2023-02-21,11.333333333333334
Parque O'Higgins,2023-03-20,11.241666666666667
Parque O'Higgins,2023-03-21,8.541666666666666
Parque O'Higgins,2023-04-20,24.01388888888889
Parque O'Higgins,2023-04-21,15.75
Parque O'Higgins,2023-05-20,35.31944444444444
Parque O'Higgins,2023-05-21,12.791666666666666
Parque O'Higgins,2023-06-20,33.770833333333336
Parque O'Higgins,2023-06-21,10.458333333333334
Parque O'Higgins,2023-07-20,44.520833333333336
Parque O'Higgins,2023-07-21,28.875
Parque O'Higgins,2023-08-20,24.506944444444443
Parque O'Higgins,2023-08-21,8.875
Parque O'Higgins,2023-09-20,19.493055555555557
Parque O'Higgins,2023-09-21,7.083333333333333
Parque O'Higgins,2023-10-20,15.631944444444445
Parque O'Higgins,2023-10-21,5.833333333333333
Parque O'Higgins,2023-11-20,13.594405594405595
Parque O'Higgins,2023-11-21,6.375
Parque O'Higgins,2023-12-20,12.110169491525424
Parque O'Higgins,2023-12-21,15.416666666666666
Parque O'Higgins,2024-01-20,14.625
Parque O'Higgins,2024-01-21,16.5
Parque O'Higgins,2024-02-20,14.618055555555555
Parque O'Higgins,2024-02-21,8.625
Parque O'Higgins,2024-03-20,14.391666666666667
Parque O'Higgins,2024-03-21,7.916666666666667
Parque O'Higgins,2024-04-20,22.78472222222222
Parque O'Higgins,2024-04-21,17.958333333333332
Parque O'Higgins,2024-05-20,37.25
Parque O'Higgins,2024-05-21,37.083333333333336
Parque O'Higgins,2024-06-20,30.52777777777778
Parque O'Higgins,2024-06-21,13.875
Parque O'Higgins,2024-07-20,39.49295774647887
Parque O'Higgins,2024-07-21,41.458333333333336
Parque O'Higgins,2024-08-11,41.083333333333336
Parque O'Higgins,2024-08-20,26.47222222222222
Parque O'Higgins,2024-09-20,19.46527777777778
Parque O'Higgins,2024-09-21,10.958333333333334
Parque O'Higgins,2024-10-20,13.56338028169014
Parque O'Higgins,2024-10-21,8.333333333333334
Parque O'Higgins,2024-11-20,12.215277777777779
Parque O'Higgins,2024-11-21,4.166666666666667
Parque O'Higgins,2024-12-20,13.082706766917294
Parque O'Higgins,2024-12-21,12.375
Parque O'Higgins,2025-01-20,15.36111111111111
Parque O'Higgins,2025-01-21,16.791666666666668
Parque O'Higgins,2025-02-20,15.26388888888889
Parque O'Higgins,2025-02-21,11.291666666666666
Parque O'Higgins,2025-03-20,16.766990291262136
Parque O'Higgins,2025-03-21,7.541666666666667
Parque O'Higgins,2025-04-20,23.069444444444443
Parque O'Higgins,2025-04-21,15.791666666666666
Parque O'Higgins,2025-05-20,38.02777777777778
Parque O'Higgins,2025-05-21,29.75
Parque O'Higgins,2025-06-20,33.24475524475525
Parque O'Higgins,2025-06-21,18.708333333333332
Parque O'Higgins,2025-07-20,39.27272727272727
Parque O'Higgins,2025-07-21,36.083333333333336
Parque O'Higgins,2025-08-20,27.26388888888889
Parque O'Higgins,2025-09-20,19.07638888888889
Parque O'Higgins,2025-09-21,13
Parque O'Higgins,2025-10-20,11.867132867132867
Parque O'Higgins,2025-10-21,9.5
Parque O'Higgins,2025-11-20,12.23611111111111
Parque O'Higgins,2025-11-21,5.916666666666667
Parque O'Higgins,2025-12-20,12.992592592592592
Parque O'Higgins,2025-12-21,10.875
Parque O'Higgins,2026-01-20,16.916666666666668
Parque O'Higgins,2026-01-21,13.291666666666666
Parque O'Higgins,2026-02-20,15.48611111111111
Parque O'Higgins,2026-02-21,14.666666666666666
Parque O'Higgins,2026-03-20,16.913793103448278
Parque O'Higgins,2026-03-21,15.416666666666666
Parque O'Higgins,2026-04-20,20.86111111111111
Parque O'Higgins,2026-04-21,11.958333333333334
Parque O'Higgins,2026-05-20,39.5625
Parque O'Higgins,2026-05-21,23.333333333333332
Parque O'Higgins,2026-06-20,38.826388888888886
Parque O'Higgins,2026-06-21,42.25
Parque O'Higgins,2026-07-20,43.611111111111114
Parque O'Higgins,2026-07-21,48.291666666666664
Parque O'Higgins,2026-08-20,29.36111111111111
Parque O'Higgins,2026-09-20,15.908450704225352
Parque O'Higgins,2026-09-21,19.666666666666668
Parque O'Higgins,2026-10-20,13.597222222222221
Parque O'Higgins,2026-10-21,12.791666666666666
Parque O'Higgins,2026-11-20,13.097222222222221
Parque O'Higgins,2026-11-21,6.666666666666667
Parque O'Higgins,2026-12-20,13.218487394957982
Parque O'Higgins,2026-12-21,11.5
Parque O'Higgins,2027-01-20,16.375
Parque O'Higgins,2027-01-21,13.583333333333334
Parque O'Higgins,2027-02-20,15.722222222222221
Parque O'Higgins,2027-02-21,11.478260869565217
Parque O'Higgins,2027-03-20,20.181818181818183
Parque O'Higgins,2027-03-21,13.375
Parque O'Higgins,2027-04-20,27.07638888888889
Parque O'Higgins,2027-04-21,11.833333333333334
Parque O'Higgins,2027-05-20,46.16083916083916
Parque O'Higgins,2027-05-21,38.041666666666664
Parque O'Higgins,2027-06-20,43.74305555555556
Parque O'Higgins,2027-06-21,29.916666666666668
Parque O'Higgins,2027-07-20,42.70503597122302
Parque O'Higgins,2027-07-21,37.958333333333336
Parque O'Higgins,2027-08-20,28.61111111111111
Parque O'Higgins,2027-08-21,13.857142857142858
Parque O'Higgins,2027-09-20,16.5625
Parque O'Higgins,2027-09-21,22.083333333333332
Parque O'Higgins,2027-10-20,10.291666666666666
Parque O'Higgins,2027-10-21,12.625
Parque O'Higgins,2027-11-20,12.819444444444445
Parque O'Higgins,2027-11-21,7.875
Parque O'Higgins,2027-12-20,12.8515625
Parque O'Higgins,2027-12-21,10.25
Parque O'Higgins,2028-01-20,15.993055555555555
Parque O'Higgins,2028-01-21,14.5
Parque O'Higgins,2028-02-20,17.444444444444443
Parque O'Higgins,2028-02-21,10.478260869565217
Parque O'Higgins,2028-03-20,21.18439716312057
Parque O'Higgins,2028-03-21,14.708333333333334
Parque O'Higgins,2028-04-20,33.625
Parque O'Higgins,2028-04-21,20
Parque O'Higgins,2028-05-20,49.958333333333336
Parque O'Higgins,2028-05-21,32.625
Parque O'Higgins,2028-06-20,41.270833333333336
Parque O'Higgins,2028-06-21,40.125
Parque O'Higgins,2028-07-20,46.270833333333336
Parque O'Higgins,2028-07-21,59.041666666666664
Parque O'Higgins,2028-08-20,29.180555555555557
Parque O'Higgins,2028-08-21,19.625
Parque O'Higgins,2028-09-20,17.091549295774648
Parque O'Higgins,2028-09-21,16.333333333333332
Parque O'Higgins,2028-10-20,11.36111111111111
Parque O'Higgins,2028-10-21,16.666666666666668
Parque O'Higgins,2028-11-20,13.1875
Parque O'Higgins,2028-11-21,7.190476190476191
Parque O'Higgins,2028-12-20,14.152777777777779
Parque O'Higgins,2028-12-21,9.5
Parque O'Higgins,2029-01-20,12.92361111111111
Parque O'Higgins,2029-01-21,13.666666666666666
Parque O'Higgins,2029-02-20,25.125
Parque O'Higgins,2029-02-21,8.26086956521739
Parque O'Higgins,2029-03-20,20.368055555555557
Parque O'Higgins,2029-03-21,19.916666666666668
Parque O'Higgins,2029-04-20,25.34027777777778
Parque O'Higgins,2029-04-21,10.791666666666666
Parque O'Higgins,2029-05-20,37.375
Parque O'Higgins,2029-05-21,53.916666666666664
Parque O'Higgins,2029-06-20,32.9
Parque O'Higgins,2029-06-21,73.625
Parque O'Higgins,2029-07-20,40.486111111111114
Parque O'Higgins,2029-07-21,51.333333333333336
Parque O'Higgins,2029-08-20,23.756944444444443
Parque O'Higgins,2029-08-21,15.166666666666666
Parque O'Higgins,2029-09-20,16.20138888888889
Parque O'Higgins,2029-09-21,15.208333333333334
Parque O'Higgins,2029-10-20,10.488888888888889
Parque O'Higgins,2029-10-21,14.375
Parque O'Higgins,2029-11-20,11.006944444444445
Parque O'Higgins,2029-11-21,4.153846153846154
Parque O'Higgins,2029-12-20,13.194444444444445
Parque O'Higgins,2029-12-21,11.75
Parque O'Higgins,2030-01-20,13.153846153846153
Parque O'Higgins,2030-01-21,17.666666666666668
Parque O'Higgins,2030-03-20,23.38888888888889
Parque O'Higgins,2030-03-21,16.125
Parque O'Higgins,2030-04-20,28.22222222222222
Parque O'Higgins,2030-04-21,8.875
Parque O'Higgins,2030-05-20,39.125
Parque O'Higgins,2030-05-21,54.583333333333336
Parque O'Higgins,2030-06-20,38.713178294573645
Parque O'Higgins,2030-06-21,53.541666666666664
Parque O'Higgins,2030-07-20,41.24475524475525
Parque O'Higgins,2030-07-21,50.43478260869565
Parque O'Higgins,2030-08-20,21.98611111111111
Parque O'Higgins,2030-08-21,14.041666666666666
Parque O'Higgins,2030-09-20,14.354166666666666
Parque O'Higgins,2030-09-21,8.958333333333334
Parque O'Higgins,2030-10-20,10.755725190839694
Parque O'Higgins,2030-10-21,14.833333333333334
Parque O'Higgins,2030-11-20,11.8125
Parque O'Higgins,2030-11-21,7.916666666666667
Parque O'Higgins,2030-12-20,12.36111111111111
Parque O'Higgins,2030-12-21,13.625
Parque O'Higgins,2031-01-20,14.5
Parque O'Higgins,2031-01-21,20.041666666666668
Parque O'Higgins,2031-03-20,18.551181102362204
Parque O'Higgins,2031-03-21,10.375
Parque O'Higgins,2031-05-20,37.72222222222222
Parque O'Higgins,2031-05-21,44.5
Parque O'Higgins,2031-07-20,48.298611111111114
Parque O'Higgins,2031-07-21,46
Parque O'Higgins,2031-08-20,24.624113475177303
Parque O'Higgins,2031-08-21,31.791666666666668
Parque O'Higgins,2031-10-20,12.256944444444445
Parque O'Higgins,2031-10-21,12.208333333333334
Parque O'Higgins,2031-12-20,14.215277777777779
Parque O'Higgins,2031-12-21,10.5
Pudahuel,2001-01-20,13.776223776223777
Pudahuel,2001-01-21,8.666666666666666
Pudahuel,2001-02-20,13.680555555555555
Pudahuel,2001-02-21,18.666666666666668
Pudahuel,2001-03-20,16.225
Pudahuel,2001-03-21,12.791666666666666
Pudahuel,2001-04-20,22.882758620689657
Pudahuel,2001-04-21,10.083333333333334
Pudahuel,2001-05-20,42.25
Pudahuel,2001-05-21,10.166666666666666
Pudahuel,2001-06-20,48.27777777777778
Pudahuel,2001-06-21,69.875
Pudahuel,2001-07-20,46.3125
Pudahuel,2001-07-21,59.333333333333336
Pudahuel,2001-08-20,50.43055555555556
Pudahuel,2001-08-21,17.875
Pudahuel,2001-09-20,25.47222222222222
Pudahuel,2001-09-21,35.791666666666664
Pudahuel,2001-10-20,12.79861111111111
Pudahuel,2001-10-21,8.375
Pudahuel,2001-11-20,14.363636363636363
Pudahuel,2001-11-21,6.416666666666667
Pudahuel,2001-12-20,12.516949152542374
Pudahuel,2001-12-21,5.5
Pudahuel,2002-01-20,10.93006993006993
Pudahuel,2002-01-21,11.791666666666666
Pudahuel,2002-02-20,15.48611111111111
Pudahuel,2002-02-21,15.875
Pudahuel,2002-03-20,16.55639097744361
Pudahuel,2002-03-21,12.208333333333334
Pudahuel,2002-04-20,25.406896551724138
Pudahuel,2002-04-21,16.875
Pudahuel,2002-05-20,26.09027777777778
Pudahuel,2002-05-21,22.375
Pudahuel,2002-06-20,55.298611111111114
Pudahuel,2002-06-21,70.29166666666667
Pudahuel,2002-07-20,47.15277777777778
Pudahuel,2002-07-21,57.833333333333336
Pudahuel,2002-08-20,50.416666666666664
Pudahuel,2002-08-21,5
Pudahuel,2002-09-20,29.57638888888889
Pudahuel,2002-09-21,8.916666666666666
Pudahuel,2002-10-20,11.18978102189781
Pudahuel,2002-10-21,8.791666666666666
Pudahuel,2002-11-20,12.223776223776223
Pudahuel,2002-11-21,10.875
Pudahuel,2002-12-20,12.75912408759124
Pudahuel,2002-12-21,6.416666666666667
Pudahuel,2003-01-20,12.713286713286713
Pudahuel,2003-01-21,13.583333333333334
Pudahuel,2003-02-20,13.901408450704226
Pudahuel,2003-02-21,17.583333333333332
Pudahuel,2003-03-20,13.694444444444445
Pudahuel,2003-03-21,11.833333333333334
Pudahuel,2003-04-20,22.889655172413793
Pudahuel,2003-04-21,14.043478260869565
Pudahuel,2003-05-20,28.055555555555557
Pudahuel,2003-05-21,24.583333333333332
Pudahuel,2003-06-20,36.59722222222222
Pudahuel,2003-06-21,55.166666666666664
Pudahuel,2003-07-20,59.723404255319146
Pudahuel,2003-07-21,46.666666666666664
Pudahuel,2003-08-20,54.520833333333336
Pudahuel,2003-09-20,28.776223776223777
Pudahuel,2003-09-21,15.416666666666666
Pudahuel,2003-10-20,8.083333333333334
Pudahuel,2003-10-21,18.083333333333332
Pudahuel,2003-11-20,13.965277777777779
Pudahuel,2003-11-21,5.833333333333333
Pudahuel,2003-12-20,11.3125
Pudahuel,2003-12-21,9.583333333333334
Pudahuel,2004-01-20,13.680555555555555
Pudahuel,2004-01-21,14.458333333333334
Pudahuel,2004-02-20,13.472222222222221
Pudahuel,2004-02-21,27.083333333333332
Pudahuel,2004-03-20,15.055555555555555
Pudahuel,2004-03-21,14.333333333333334
Pudahuel,2004-04-20,20.42361111111111
Pudahuel,2004-04-21,17.458333333333332
Pudahuel,2004-05-20,29.84722222222222
Pudahuel,2004-05-21,25.291666666666668
Pudahuel,2004-06-20,42.58273381294964
Pudahuel,2004-06-21,73.91666666666667
Pudahuel,2004-07-20,52.46527777777778
Pudahuel,2004-07-21,26.875
Pudahuel,2004-08-20,55.67832167832168
Pudahuel,2004-09-20,27.181818181818183
Pudahuel,2004-10-20,11.40625
Pudahuel,2004-10-21,20.041666666666668
Pudahuel,2004-11-20,12.034722222222221
Pudahuel,2004-11-21,9.791666666666666
Pudahuel,2004-12-20,13.348837209302326
Pudahuel,2004-12-21,14.708333333333334
Pudahuel,2005-01-20,12.819444444444445
Pudahuel,2005-01-21,10.625
Pudahuel,2005-02-20,13.979166666666666
Pudahuel,2005-02-21,20.708333333333332
Pudahuel,2005-03-20,15.722222222222221
Pudahuel,2005-03-21,13.583333333333334
Pudahuel,2005-04-20,18.788732394366196
Pudahuel,2005-04-21,15.75
Pudahuel,2005-05-20,35.72222222222222
Pudahuel,2005-05-21,26.541666666666668
Pudahuel,2005-06-20,45.395833333333336
Pudahuel,2005-06-21,66.5
Pudahuel,2005-07-20,47.59027777777778
Pudahuel,2005-07-21,59
Pudahuel,2005-08-20,42.61805555555556
Pudahuel,2005-09-20,27.781954887218046
Pudahuel,2005-10-20,13.661016949152541
Pudahuel,2005-10-21,13.458333333333334
Pudahuel,2005-11-20,12.715277777777779
Pudahuel,2005-11-21,10.625
Pudahuel,2005-12-20,13.785714285714286
Pudahuel,2005-12-21,7
Pudahuel,2006-01-20,12.590277777777779
Pudahuel,2006-01-21,9.458333333333334
Pudahuel,2006-02-20,20.552447552447553
Pudahuel,2006-02-21,15.75
Pudahuel,2006-03-20,13.854166666666666
Pudahuel,2006-03-21,14
Pudahuel,2006-04-20,18.00689655172414
Pudahuel,2006-05-20,42.458333333333336
Pudahuel,2006-05-21,22.473684210526315
Pudahuel,2006-06-20,37.833333333333336
Pudahuel,2006-06-21,80.45833333333333
Pudahuel,2006-07-20,41.07692307692308
Pudahuel,2006-07-21,71.20833333333333
Pudahuel,2006-08-20,34.3006993006993
Pudahuel,2006-09-20,21.032258064516128
Pudahuel,2006-09-21,12.777777777777779
Pudahuel,2006-10-20,15.241666666666667
Pudahuel,2006-10-21,14.208333333333334
Pudahuel,2006-11-20,12.722222222222221
Pudahuel,2006-11-21,9.666666666666666
Pudahuel,2006-12-20,14.864285714285714
Pudahuel,2006-12-21,5.541666666666667
Pudahuel,2007-01-20,13.45138888888889
Pudahuel,2007-01-21,5.583333333333333
Pudahuel,2007-02-20,26.819444444444443
Pudahuel,2007-02-21,13.041666666666666
Pudahuel,2007-03-20,12.979166666666666
Pudahuel,2007-03-21,11.458333333333334
Pudahuel,2007-04-20,21.119718309859156
Pudahuel,2007-05-20,38.458333333333336
Pudahuel,2007-05-21,6.4
Pudahuel,2007-06-20,46.50694444444444
Pudahuel,2007-06-21,69.625
Pudahuel,2007-07-20,48.041666666666664
Pudahuel,2007-07-21,76.20833333333333
Pudahuel,2007-08-20,26.01388888888889
Pudahuel,2007-09-20,14.520833333333334
Pudahuel,2007-09-21,18.291666666666668
Pudahuel,2007-10-20,15.758333333333333
Pudahuel,2007-10-21,11.791666666666666
Pudahuel,2007-11-20,14.95774647887324
Pudahuel,2007-11-21,14.333333333333334
Pudahuel,2007-12-20,18.021897810218977
Pudahuel,2007-12-21,10.25
Pudahuel,2008-01-20,9.867132867132867
Pudahuel,2008-01-21,7.25
Pudahuel,2008-02-20,20.666666666666668
Pudahuel,2008-02-21,8.5
Pudahuel,2008-03-20,11.92361111111111
Pudahuel,2008-03-21,7.541666666666667
Pudahuel,2008-04-20,19.802816901408452
Pudahuel,2008-05-20,35.03472222222222
Pudahuel,2008-05-21,22.041666666666668
Pudahuel,2008-06-20,54.229166666666664
Pudahuel,2008-06-21,39.38095238095238
Pudahuel,2008-07-20,48.30555555555556
Pudahuel,2008-07-21,70.25
Pudahuel,2008-08-20,42
Pudahuel,2008-09-20,20.293706293706293
Pudahuel,2008-09-21,31.217391304347824
Pudahuel,2008-10-20,13.032
Pudahuel,2008-10-21,5.375
Pudahuel,2008-11-20,13.711267605633802
Pudahuel,2008-11-21,17.166666666666668
Pudahuel,2008-12-20,14.034722222222221
Pudahuel,2008-12-21,6.5
Pudahuel,2009-01-20,9.5
Pudahuel,2009-01-21,9.791666666666666
Pudahuel,2009-02-20,24.868055555555557
Pudahuel,2009-02-21,8.166666666666666
Pudahuel,2009-03-20,14.150375939849624
Pudahuel,2009-03-21,10.583333333333334
Pudahuel,2009-04-20,16.598591549295776
Pudahuel,2009-05-20,35.375
Pudahuel,2009-05-21,44.458333333333336
Pudahuel,2009-06-20,48.1875
Pudahuel,2009-06-21,9.8
Pudahuel,2009-07-20,42.263888888888886
Pudahuel,2009-07-21,55.291666666666664
Pudahuel,2009-08-20,40.65277777777778
Pudahuel,2009-09-20,27.88888888888889
Pudahuel,2009-09-21,21.125
Pudahuel,2009-10-20,16.208333333333332
Pudahuel,2009-10-21,16.25
Pudahuel,2009-11-20,12.159722222222221
Pudahuel,2009-11-21,8.041666666666666
Pudahuel,2009-12-20,11.1875
Pudahuel,2009-12-21,9.5
Pudahuel,2010-01-20,11.020833333333334
Pudahuel,2010-01-21,10.25
Pudahuel,2010-02-20,23.85211267605634
Pudahuel,2010-02-21,12.833333333333334
Pudahuel,2010-03-20,11.808333333333334
Pudahuel,2010-03-21,12.416666666666666
Pudahuel,2010-04-20,17.944444444444443
Pudahuel,2010-05-20,38.395833333333336
Pudahuel,2010-05-21,35.666666666666664
Pudahuel,2010-06-20,46.736111111111114
Pudahuel,2010-06-21,33.458333333333336
Pudahuel,2010-07-20,55.604166666666664
Pudahuel,2010-07-21,35.791666666666664
Pudahuel,2010-08-20,37.416666666666664
Pudahuel,2010-09-20,28.283464566929133
Pudahuel,2010-09-21,13.181818181818182
Pudahuel,2010-10-20,16.743055555555557
Pudahuel,2010-10-21,14.166666666666666
Pudahuel,2010-11-20,12.152777777777779
Pudahuel,2010-11-21,4.583333333333333
Pudahuel,2010-12-20,10.680555555555555
Pudahuel,2010-12-21,10.291666666666666
Pudahuel,2011-01-20,10.8125
Pudahuel,2011-01-21,10.5
Pudahuel,2011-02-20,19.555555555555557
Pudahuel,2011-02-21,9.291666666666666
Pudahuel,2011-03-20,12.241666666666667
Pudahuel,2011-03-21,11.125
Pudahuel,2011-04-20,19.281690140845072
Pudahuel,2011-05-20,45.958333333333336
Pudahuel,2011-05-21,61.75
Pudahuel,2011-06-20,54.95384615384615
Pudahuel,2011-06-21,54.916666666666664
Pudahuel,2011-07-20,58.111111111111114
Pudahuel,2011-07-21,68.08333333333333
Pudahuel,2011-08-20,32.104166666666664
Pudahuel,2011-09-20,13.411347517730496
Pudahuel,2011-09-21,10.291666666666666
Pudahuel,2011-10-20,16.293706293706293
Pudahuel,2011-10-21,11.5
Pudahuel,2011-11-20,10
Pudahuel,2011-11-21,7.083333333333333
Pudahuel,2011-12-20,12.687943262411348
Pudahuel,2011-12-21,10
Pudahuel,2012-01-20,10.472222222222221
Pudahuel,2012-01-21,12.916666666666666
Pudahuel,2012-02-20,22.366197183098592
Pudahuel,2012-02-21,11.375
Pudahuel,2012-03-20,12.7
Pudahuel,2012-03-21,8
Pudahuel,2012-04-20,18.979166666666668
Pudahuel,2012-04-21,19
Pudahuel,2012-05-20,45.53846153846154
Pudahuel,2012-05-21,37.208333333333336
Pudahuel,2012-06-20,45.54477611940298
Pudahuel,2012-06-21,34.083333333333336
Pudahuel,2012-07-20,46.59440559440559
Pudahuel,2012-07-21,67.91666666666667
Pudahuel,2012-08-20,33.707142857142856
Pudahuel,2012-09-20,17.361702127659573
Pudahuel,2012-09-21,15.041666666666666
Pudahuel,2012-10-20,19.8125
Pudahuel,2012-10-21,20.625
Pudahuel,2012-11-20,9.873239436619718
Pudahuel,2012-11-21,10.583333333333334
Pudahuel,2012-12-20,9.868055555555555
Pudahuel,2012-12-21,7.791666666666667
Pudahuel,2013-01-20,10.590277777777779
Pudahuel,2013-01-21,12.166666666666666
Pudahuel,2013-02-20,14.373239436619718
Pudahuel,2013-02-21,15.5
Pudahuel,2013-03-20,12.058333333333334
Pudahuel,2013-04-20,23.583333333333332
Pudahuel,2013-04-21,14.875
Pudahuel,2013-05-20,50.88111888111888
Pudahuel,2013-05-21,41.875
Pudahuel,2013-06-20,50.270833333333336
Pudahuel,2013-06-21,6.791666666666667
Pudahuel,2013-07-20,65.73611111111111
Pudahuel,2013-07-21,128.29166666666666
Pudahuel,2013-08-20,46.84027777777778
Pudahuel,2013-08-21,25.1
Pudahuel,2013-09-20,19.319148936170212
Pudahuel,2013-09-21,15.666666666666666
Pudahuel,2013-10-20,18.583333333333332
Pudahuel,2013-10-21,18.25
Pudahuel,2013-11-20,9.166666666666666
Pudahuel,2013-11-21,16.166666666666668
Pudahuel,2013-12-20,9.79861111111111
Pudahuel,2013-12-21,12.958333333333334
Pudahuel,2014-01-20,11.277777777777779
Pudahuel,2014-01-21,12.708333333333334
Pudahuel,2014-02-20,16.31205673758865
Pudahuel,2014-02-21,13.166666666666666
Pudahuel,2014-03-20,12.544715447154472
Pudahuel,2014-04-20,26.555555555555557
Pudahuel,2014-04-21,10.666666666666666
Pudahuel,2014-05-20,53.361111111111114
Pudahuel,2014-05-21,54.958333333333336
Pudahuel,2014-06-20,53.14685314685315
Pudahuel,2014-06-21,18.041666666666668
Pudahuel,2014-07-20,60.09154929577465
Pudahuel,2014-07-21,121.83333333333333
Pudahuel,2014-08-20,47.54347826086956
Pudahuel,2014-08-21,36.208333333333336
Pudahuel,2014-09-20,24.28472222222222
Pudahuel,2014-09-21,26.833333333333332
Pudahuel,2014-10-20,15.006944444444445
Pudahuel,2014-10-21,12.958333333333334
Pudahuel,2014-11-20,10.284722222222221
Pudahuel,2014-11-21,14.666666666666666
Pudahuel,2014-12-20,9.534722222222221
Pudahuel,2014-12-21,8.458333333333334
Pudahuel,2015-01-20,11.01388888888889
Pudahuel,2015-01-21,8.875
Pudahuel,2015-02-20,17.342657342657343
Pudahuel,2015-02-21,12.666666666666666
Pudahuel,2015-03-20,14.295774647887324
Pudahuel,2015-03-21,13.625
Pudahuel,2015-04-20,25.61111111111111
Pudahuel,2015-04-21,12.208333333333334
Pudahuel,2015-05-20,54.95
Pudahuel,2015-05-21,35.5
Pudahuel,2015-06-20,47.78472222222222
Pudahuel,2015-06-21,66.125
Pudahuel,2015-07-20,73.18055555555556
Pudahuel,2015-07-21,85.82608695652173
Pudahuel,2015-08-20,31.82638888888889
Pudahuel,2015-08-21,45.041666666666664
Pudahuel,2015-09-20,23.166666666666668
Pudahuel,2015-09-21,25.208333333333332
Pudahuel,2015-10-20,15.45138888888889
Pudahuel,2015-10-21,20.166666666666668
Pudahuel,2015-11-20,11.825174825174825
Pudahuel,2015-11-21,11.291666666666666
Pudahuel,2015-12-20,13.225352112676056
Pudahuel,2015-12-21,10.791666666666666
Pudahuel,2016-01-20,12.006944444444445
Pudahuel,2016-01-21,7.916666666666667
Pudahuel,2016-02-20,14.277777777777779
Pudahuel,2016-02-21,12.333333333333334
Pudahuel,2016-03-20,12.713286713286713
Pudahuel,2016-03-21,15.958333333333334
Pudahuel,2016-04-20,27.86111111111111
Pudahuel,2016-04-21,21.708333333333332
Pudahuel,2016-05-20,49.625
Pudahuel,2016-05-21,41.458333333333336
Pudahuel,2016-06-20,56.736111111111114
Pudahuel,2016-06-21,83.29166666666667
Pudahuel,2016-07-20,60.486111111111114
Pudahuel,2016-07-21,77.04166666666667
Pudahuel,2016-08-20,33.6013986013986
Pudahuel,2016-08-21,29.041666666666668
Pudahuel,2016-09-20,16.979166666666668
Pudahuel,2016-09-21,23.75
Pudahuel,2016-10-20,13.256944444444445
Pudahuel,2016-10-21,10.333333333333334
Pudahuel,2016-11-20,9.293706293706293
Pudahuel,2016-11-21,11.375
Pudahuel,2016-12-20,23.930555555555557
Pudahuel,2016-12-21,9.708333333333334
Pudahuel,2017-01-20,12.00709219858156
Pudahuel,2017-01-21,12.375
Pudahuel,2017-02-20,13.125
Pudahuel,2017-02-21,15.5
Pudahuel,2017-03-20,13.11111111111111
Pudahuel,2017-03-21,16.083333333333332
Pudahuel,2017-04-20,26.8943661971831
Pudahuel,2017-04-21,27.333333333333332
Pudahuel,2017-05-20,38.50694444444444
Pudahuel,2017-05-21,49.5
Pudahuel,2017-06-20,68.10416666666667
Pudahuel,2017-06-21,45.541666666666664
Pudahuel,2017-07-20,64.54166666666667
Pudahuel,2017-07-21,68.95833333333333
Pudahuel,2017-08-20,23.416666666666668
Pudahuel,2017-08-21,31.166666666666668
Pudahuel,2017-09-20,21.493055555555557
Pudahuel,2017-09-21,20.291666666666668
Pudahuel,2017-10-20,12.368055555555555
Pudahuel,2017-10-21,15
Pudahuel,2017-11-20,12.369565217391305
Pudahuel,2017-11-21,9.458333333333334
Pudahuel,2017-12-20,11.652777777777779
Pudahuel,2017-12-21,8.541666666666666
Pudahuel,2018-01-20,14.875
Pudahuel,2018-01-21,11.166666666666666
Pudahuel,2018-02-20,14.26388888888889
Pudahuel,2018-02-21,15.791666666666666
Pudahuel,2018-03-20,12.869565217391305
Pudahuel,2018-03-21,19.041666666666668
Pudahuel,2018-04-20,26.270833333333332
Pudahuel,2018-04-21,29.583333333333332
Pudahuel,2018-05-20,34.65972222222222
Pudahuel,2018-05-21,68.79166666666667
Pudahuel,2018-06-20,60.7112676056338
Pudahuel,2018-06-21,9.916666666666666
Pudahuel,2018-07-20,56.604166666666664
Pudahuel,2018-07-21,43.208333333333336
Pudahuel,2018-08-20,23.09722222222222
Pudahuel,2018-08-21,26.791666666666668
Pudahuel,2018-09-20,20.291666666666668
Pudahuel,2018-09-21,34.166666666666664
Pudahuel,2018-10-20,13.072992700729927
Pudahuel,2018-10-21,16.125
Pudahuel,2018-11-20,13.73943661971831
Pudahuel,2018-11-21,9.521739130434783
Pudahuel,2018-12-20,10.930555555555555
Pudahuel,2018-12-21,10.041666666666666
Pudahuel,2019-01-20,15.146853146853147
Pudahuel,2019-01-21,12.541666666666666
Pudahuel,2019-02-20,13.5
Pudahuel,2019-02-21,16.125
Pudahuel,2019-03-20,13.006944444444445
Pudahuel,2019-03-21,18.625
Pudahuel,2019-04-20,23.541666666666668
Pudahuel,2019-04-21,16.916666666666668
Pudahuel,2019-05-20,41.875
Pudahuel,2019-05-21,69.25
Pudahuel,2019-06-20,60.50694444444444
Pudahuel,2019-06-21,23
Pudahuel,2019-07-20,52.604166666666664
Pudahuel,2019-07-21,41.90909090909091
Pudahuel,2019-08-20,32.895833333333336
Pudahuel,2019-08-21,19.041666666666668
Pudahuel,2019-09-20,21.041666666666668
Pudahuel,2019-09-21,9.75
Pudahuel,2019-10-20,15.310077519379846
Pudahuel,2019-10-21,14.625
Pudahuel,2019-11-20,12.381944444444445
Pudahuel,2019-11-21,10.208333333333334
Pudahuel,2019-12-20,14.604166666666666
Pudahuel,2019-12-21,15.041666666666666
Pudahuel,2020-01-20,13.98611111111111
Pudahuel,2020-01-21,14.791666666666666
Pudahuel,2020-02-20,13.819444444444445
Pudahuel,2020-02-21,10.291666666666666
Pudahuel,2020-03-20,14.180555555555555
Pudahuel,2020-03-21,11.958333333333334
Pudahuel,2020-04-20,24.583333333333332
Pudahuel,2020-04-21,25.625
Pudahuel,2020-05-20,38.298611111111114
Pudahuel,2020-05-21,41.75
Pudahuel,2020-06-20,61.208333333333336
Pudahuel,2020-06-21,37.5
Pudahuel,2020-07-20,51.263888888888886
Pudahuel,2020-07-21,57.916666666666664
Pudahuel,2020-08-20,39.986111111111114
Pudahuel,2020-08-21,15.083333333333334
Pudahuel,2020-09-20,20.368055555555557
Pudahuel,2020-09-21,19.291666666666668
Pudahuel,2020-10-20,14.548148148148147
Pudahuel,2020-10-21,4.25
Pudahuel,2020-11-20,11.598591549295774
Pudahuel,2020-11-21,9.916666666666666
Pudahuel,2020-12-20,13.340277777777779
Pudahuel,2020-12-21,18
Pudahuel,2021-01-20,13.319444444444445
Pudahuel,2021-01-21,15.375
Pudahuel,2021-02-20,13.944444444444445
Pudahuel,2021-02-21,10.208333333333334
Pudahuel,2021-03-20,13.284615384615385
Pudahuel,2021-03-21,18.208333333333332
Pudahuel,2021-04-20,21.930555555555557
Pudahuel,2021-04-21,15.136363636363637
Pudahuel,2021-05-20,31.53472222222222
Pudahuel,2021-05-21,16.375
Pudahuel,2021-06-20,54.416666666666664
Pudahuel,2021-06-21,7.708333333333333
Pudahuel,2021-07-20,38.392857142857146
Pudahuel,2021-07-21,37.666666666666664
Pudahuel,2021-08-20,37.00694444444444
Pudahuel,2021-08-21,14.875
Pudahuel,2021-09-20,20.48611111111111
Pudahuel,2021-09-21,11.083333333333334
Pudahuel,2021-10-20,17.727272727272727
Pudahuel,2021-10-21,6.791666666666667
Pudahuel,2021-11-20,10.76388888888889
Pudahuel,2021-11-21,10.208333333333334
Pudahuel,2021-12-20,13.819444444444445
Pudahuel,2021-12-21,15.791666666666666
Pudahuel,2022-01-20,12.625
Pudahuel,2022-01-21,17.25
Pudahuel,2022-02-20,13.340277777777779
Pudahuel,2022-02-21,5.083333333333333
Pudahuel,2022-03-20,10.201680672268907
Pudahuel,2022-03-21,14.166666666666666
Pudahuel,2022-04-20,22.72340425531915
Pudahuel,2022-04-21,11.291666666666666
Pudahuel,2022-05-20,41.94444444444444
Pudahuel,2022-05-21,16.5
Pudahuel,2022-06-20,48.71527777777778
Pudahuel,2022-06-21,6.125
Pudahuel,2022-07-20,39.04964539007092
Pudahuel,2022-07-21,50.916666666666664
Pudahuel,2022-08-20,30.556338028169016
Pudahuel,2022-08-21,12.5
Pudahuel,2022-09-20,16.443661971830984
Pudahuel,2022-09-21,13.708333333333334
Pudahuel,2022-10-20,13.659090909090908
Pudahuel,2022-10-21,11.458333333333334
Pudahuel,2022-11-20,11.976744186046512
Pudahuel,2022-11-21,6.125
Pudahuel,2022-12-20,13.3125
Pudahuel,2022-12-21,18.125
Pudahuel,2023-01-20,12.368055555555555
Pudahuel,2023-01-21,15.708333333333334
Pudahuel,2023-02-20,13.42361111111111
Pudahuel,2023-02-21,9.416666666666666
Pudahuel,2023-03-20,10.880434782608695
Pudahuel,2023-03-21,10
Pudahuel,2023-04-20,22.958333333333332
Pudahuel,2023-04-21,16.625
Pudahuel,2023-05-20,49.67407407407408
Pudahuel,2023-05-21,19.75
Pudahuel,2023-06-20,37.145833333333336
Pudahuel,2023-06-21,11.791666666666666
Pudahuel,2023-07-20,53.25694444444444
Pudahuel,2023-07-21,31.958333333333332
Pudahuel,2023-08-20,24.085106382978722
Pudahuel,2023-08-21,17.583333333333332
Pudahuel,2023-09-20,18.493055555555557
Pudahuel,2023-09-21,9.041666666666666
Pudahuel,2023-10-20,13.73394495412844
Pudahuel,2023-10-21,5.625
Pudahuel,2023-11-20,10.916666666666666
Pudahuel,2023-11-21,7.666666666666667
Pudahuel,2023-12-20,15.51388888888889
Pudahuel,2023-12-21,14.083333333333334
Pudahuel,2024-01-20,12.79020979020979
Pudahuel,2024-01-21,14.458333333333334
Pudahuel,2024-02-20,13.368055555555555
Pudahuel,2024-02-21,8
Pudahuel,2024-03-20,15.555555555555555
Pudahuel,2024-03-21,10.916666666666666
Pudahuel,2024-04-20,22.82638888888889
Pudahuel,2024-04-21,16.625
Pudahuel,2024-05-20,50.986111111111114
Pudahuel,2024-05-21,49.583333333333336
Pudahuel,2024-06-20,33.270833333333336
Pudahuel,2024-06-21,12.5
Pudahuel,2024-07-20,47.18055555555556
Pudahuel,2024-07-21,50
Pudahuel,2024-08-20,27.70138888888889
Pudahuel,2024-08-21,55.708333333333336
Pudahuel,2024-09-20,19.615384615384617
Pudahuel,2024-09-21,10.791666666666666
Pudahuel,2024-10-20,11.229166666666666
Pudahuel,2024-10-21,9.875
Pudahuel,2024-11-20,10.402777777777779
Pudahuel,2024-11-21,4.625
Pudahuel,2024-12-20,15.840277777777779
Pudahuel,2024-12-21,11.333333333333334
Pudahuel,2025-01-20,12.645833333333334
Pudahuel,2025-01-21,13.5
Pudahuel,2025-02-20,13.67361111111111
Pudahuel,2025-02-21,10.583333333333334
Pudahuel,2025-03-20,18.50632911392405
Pudahuel,2025-03-21,11.208333333333334
Pudahuel,2025-04-20,27.055555555555557
Pudahuel,2025-04-21,19.75
Pudahuel,2025-05-20,48.56944444444444
Pudahuel,2025-05-21,35.541666666666664
Pudahuel,2025-06-20,38.47222222222222
Pudahuel,2025-06-21,28.458333333333332
Pudahuel,2025-07-20,43.923611111111114
Pudahuel,2025-07-21,55.75
Pudahuel,2025-08-20,29.03472222222222
Pudahuel,2025-08-21,39.541666666666664
Pudahuel,2025-09-20,17.618055555555557
Pudahuel,2025-09-21,12.458333333333334
Pudahuel,2025-10-20,9.409090909090908
Pudahuel,2025-10-21,8.583333333333334
Pudahuel,2025-11-20,10.95774647887324
Pudahuel,2025-11-21,5.625
Pudahuel,2025-12-20,13.770833333333334
Pudahuel,2025-12-21,10.291666666666666
Pudahuel,2026-01-20,13.395833333333334
Pudahuel,2026-01-21,11.666666666666666
Pudahuel,2026-02-20,15.625954198473282
Pudahuel,2026-02-21,13.125
Pudahuel,2026-03-20,16.572727272727274
Pudahuel,2026-03-21,15.5
Pudahuel,2026-04-20,21.22222222222222
Pudahuel,2026-04-21,9.041666666666666
Pudahuel,2026-05-20,45
Pudahuel,2026-05-21,31.041666666666668
Pudahuel,2026-06-20,42.479166666666664
Pudahuel,2026-06-21,62.625
Pudahuel,2026-07-20,46.25
Pudahuel,2026-07-21,56.541666666666664
Pudahuel,2026-08-20,31.98611111111111
Pudahuel,2026-08-21,19.958333333333332
Pudahuel,2026-09-20,15.208333333333334
Pudahuel,2026-09-21,20.5
Pudahuel,2026-10-20,13.008333333333333
Pudahuel,2026-10-21,14
Pudahuel,2026-11-20,11.625
Pudahuel,2026-11-21,5.291666666666667
Pudahuel,2026-12-20,14.314685314685315
Pudahuel,2026-12-21,10.666666666666666
Pudahuel,2027-01-20,15.902097902097902
Pudahuel,2027-01-21,10.208333333333334
Pudahuel,2027-02-20,14.225
Pudahuel,2027-02-21,9.333333333333334
Pudahuel,2027-03-20,16.413793103448278
Pudahuel,2027-03-21,15.541666666666666
Pudahuel,2027-04-20,25.96527777777778
Pudahuel,2027-04-21,13.583333333333334
Pudahuel,2027-05-20,50.125
Pudahuel,2027-05-21,58.791666666666664
Pudahuel,2027-06-20,64.01388888888889
Pudahuel,2027-06-21,42.75
Pudahuel,2027-07-20,48.6013986013986
Pudahuel,2027-07-21,49.666666666666664
Pudahuel,2027-08-20,28.916666666666668
Pudahuel,2027-08-21,31.916666666666668
Pudahuel,2027-09-20,17.26388888888889
Pudahuel,2027-09-21,23.416666666666668
Pudahuel,2027-10-20,11.051282051282051
Pudahuel,2027-10-21,13.041666666666666
Pudahuel,2027-11-20,11.395833333333334
Pudahuel,2027-11-21,6.041666666666667
Pudahuel,2027-12-20,13.671328671328672
Pudahuel,2027-12-21,9.041666666666666
Pudahuel,2028-01-20,15.5
Pudahuel,2028-01-21,11.458333333333334
Pudahuel,2028-02-20,15.5
Pudahuel,2028-02-21,12.65
Pudahuel,2028-03-20,18.83050847457627
Pudahuel,2028-03-21,18.625
Pudahuel,2028-04-20,36.28472222222222
Pudahuel,2028-04-21,22
Pudahuel,2028-05-20,49.375
Pudahuel,2028-05-21,50.916666666666664
Pudahuel,2028-06-20,60.166666666666664
Pudahuel,2028-06-21,47.916666666666664
Pudahuel,2028-07-20,61.388888888888886
Pudahuel,2028-07-21,77
Pudahuel,2028-08-20,31.6875
Pudahuel,2028-08-21,19.916666666666668
Pudahuel,2028-09-20,17.791666666666668
Pudahuel,2028-09-21,18.291666666666668
Pudahuel,2028-10-20,11.833333333333334
Pudahuel,2028-10-21,16.208333333333332
Pudahuel,2028-11-20,11.32638888888889
Pudahuel,2028-11-21,6.125
Pudahuel,2028-12-20,12.48611111111111
Pudahuel,2028-12-21,7.125
Pudahuel,2029-01-20,10.965277777777779
Pudahuel,2029-01-21,12.625
Pudahuel,2029-02-20,23.791666666666668
Pudahuel,2029-02-21,10.875
Pudahuel,2029-03-20,19.638655462184875
Pudahuel,2029-03-21,24.791666666666668
Pudahuel,2029-04-20,28.293706293706293
Pudahuel,2029-04-21,8.458333333333334
Pudahuel,2029-05-20,46.072
Pudahuel,2029-05-21,51.958333333333336
Pudahuel,2029-06-20,48.773049645390074
Pudahuel,2029-06-21,126.54166666666667
Pudahuel,2029-07-20,54.986111111111114
Pudahuel,2029-07-21,66.79166666666667
Pudahuel,2029-08-20,27.267605633802816
Pudahuel,2029-08-21,14.708333333333334
Pudahuel,2029-09-20,15.104166666666666
Pudahuel,2029-09-21,12.208333333333334
Pudahuel,2029-10-20,11.816666666666666
Pudahuel,2029-10-21,12.5
Pudahuel,2029-11-20,10.618055555555555
Pudahuel,2029-11-21,9.083333333333334
Pudahuel,2029-12-20,11.805555555555555
Pudahuel,2029-12-21,8.958333333333334
Pudahuel,2030-01-20,12.805555555555555
Pudahuel,2030-01-21,14.625
Pudahuel,2030-03-20,20.4031007751938
Pudahuel,2030-03-21,21.791666666666668
Pudahuel,2030-04-20,32.55555555555556
Pudahuel,2030-04-21,5.791666666666667
Pudahuel,2030-05-20,44.37956204379562
Pudahuel,2030-05-21,72.375
Pudahuel,2030-06-20,53.541666666666664
Pudahuel,2030-06-21,91.08333333333333
Pudahuel,2030-07-20,48.05594405594405
Pudahuel,2030-07-21,47.041666666666664
Pudahuel,2030-08-20,20.38888888888889
Pudahuel,2030-08-21,16.041666666666668
Pudahuel,2030-09-20,13.631944444444445
Pudahuel,2030-09-21,9.208333333333334
Pudahuel,2030-10-20,11.271317829457365
Pudahuel,2030-10-21,13.333333333333334
Pudahuel,2030-11-20,10.944055944055943
Pudahuel,2030-11-21,7.416666666666667
Pudahuel,2030-12-20,11.784722222222221
Pudahuel,2030-12-21,11.166666666666666
Pudahuel,2031-01-20,12.51388888888889
Pudahuel,2031-01-21,16.041666666666668
Pudahuel,2031-03-20,18.805555555555557
Pudahuel,2031-03-21,12.166666666666666
Pudahuel,2031-05-20,44.27272727272727
Pudahuel,2031-05-21,66.79166666666667
Pudahuel,2031-07-20,59.5625
Pudahuel,2031-07-21,39.833333333333336
Pudahuel,2031-08-20,22.09027777777778
Pudahuel,2031-08-21,42.875
Pudahuel,2031-10-20,12.937062937062937
Pudahuel,2031-10-21,14
Pudahuel,2031-12-20,15.73611111111111
Pudahuel,2031-12-21,9.75
Puente Alto,2001-01-20,16.81118881118881
Puente Alto,2001-01-21,11.208333333333334
Puente Alto,2001-02-20,16.062937062937063
Puente Alto,2001-02-21,15.25
Puente Alto,2001-03-20,16.97222222222222
Puente Alto,2001-03-21,13.125
Puente Alto,2001-04-20,18.478571428571428
Puente Alto,2001-04-21,15.5
Puente Alto,2001-05-20,28.055555555555557
Puente Alto,2001-05-21,14.916666666666666
Puente Alto,2001-06-20,32.763888888888886
Puente Alto,2001-06-21,34.625
Puente Alto,2001-07-20,27.88888888888889
Puente Alto,2001-07-21,20.166666666666668
Puente Alto,2001-08-20,36.22222222222222
Puente Alto,2001-08-21,24.291666666666668
Puente Alto,2001-09-20,27.51145038167939
Puente Alto,2001-09-21,27.875
Puente Alto,2001-10-20,13.652777777777779
Puente Alto,2001-10-21,9.333333333333334
Puente Alto,2001-11-20,15.966666666666667
Puente Alto,2001-11-21,10.541666666666666
Puente Alto,2001-12-20,11.454545454545455
Puente Alto,2001-12-21,7
Puente Alto,2002-01-20,11.881944444444445
Puente Alto,2002-01-21,13.083333333333334
Puente Alto,2002-02-20,17.444444444444443
Puente Alto,2002-02-21,12.833333333333334
Puente Alto,2002-03-20,17.458333333333332
Puente Alto,2002-03-21,13.041666666666666
Puente Alto,2002-04-20,17.79310344827586
Puente Alto,2002-04-21,18.041666666666668
Puente Alto,2002-05-20,27.84027777777778
Puente Alto,2002-05-21,19.5
Puente Alto,2002-06-20,34.548611111111114
Puente Alto,2002-06-21,50.708333333333336
Puente Alto,2002-07-20,32.798611111111114
Puente Alto,2002-07-21,14.208333333333334
Puente Alto,2002-08-20,37.3986013986014
Puente Alto,2002-08-21,5.708333333333333
Puente Alto,2002-09-20,26.20138888888889
Puente Alto,2002-09-21,14.125
Puente Alto,2002-10-20,12.868055555555555
Puente Alto,2002-10-21,13.08695652173913
Puente Alto,2002-11-20,13.5
Puente Alto,2002-11-21,10.708333333333334
Puente Alto,2002-12-20,13.9375
Puente Alto,2002-12-21,9.541666666666666
Puente Alto,2003-01-20,12.847222222222221
Puente Alto,2003-01-21,15.391304347826088
Puente Alto,2003-02-20,17.01388888888889
Puente Alto,2003-02-21,10.166666666666666
Puente Alto,2003-03-20,17.32638888888889
Puente Alto,2003-03-21,10.166666666666666
Puente Alto,2003-04-20,19.79310344827586
Puente Alto,2003-04-21,22.041666666666668
Puente Alto,2003-05-20,26.11111111111111
Puente Alto,2003-05-21,24.875
Puente Alto,2003-06-20,23.38888888888889
Puente Alto,2003-06-21,33.541666666666664
Puente Alto,2003-07-20,36.34722222222222
Puente Alto,2003-07-21,29.416666666666668
Puente Alto,2003-08-20,37.13194444444444
Puente Alto,2003-08-21,21.541666666666668
Puente Alto,2003-09-20,22.6013986013986
Puente Alto,2003-09-21,17.583333333333332
Puente Alto,2003-10-20,12.430555555555555
Puente Alto,2003-10-21,15.666666666666666
Puente Alto,2003-11-20,14.208333333333334
Puente Alto,2003-11-21,9.125
Puente Alto,2003-12-20,12.75886524822695
Puente Alto,2003-12-21,12
Puente Alto,2004-01-20,13.51063829787234
Puente Alto,2004-01-21,14
Puente Alto,2004-02-20,16.368055555555557
Puente Alto,2004-02-21,22.708333333333332
Puente Alto,2004-03-20,17.02777777777778
Puente Alto,2004-03-21,11.083333333333334
Puente Alto,2004-04-20,20.082758620689656
Puente Alto,2004-04-21,20.583333333333332
Puente Alto,2004-05-20,25.79861111111111
Puente Alto,2004-05-21,26.708333333333332
Puente Alto,2004-06-20,26.65972222222222
Puente Alto,2004-06-21,44.375
Puente Alto,2004-07-20,25.92361111111111
Puente Alto,2004-07-21,42.291666666666664
Puente Alto,2004-08-20,40.00694444444444
Puente Alto,2004-08-21,15.958333333333334
Puente Alto,2004-09-20,22.194444444444443
Puente Alto,2004-09-21,21.166666666666668
Puente Alto,2004-10-20,12.979166666666666
Puente Alto,2004-10-21,16.041666666666668
Puente Alto,2004-11-20,13.841666666666667
Puente Alto,2004-11-21,8.666666666666666
Puente Alto,2004-12-20,11.225352112676056
Puente Alto,2004-12-21,15.25
Puente Alto,2005-01-20,14.51388888888889
Puente Alto,2005-01-21,12.708333333333334
Puente Alto,2005-02-20,18.01388888888889
Puente Alto,2005-02-21,21.958333333333332
Puente Alto,2005-03-20,15.944444444444445
Puente Alto,2005-03-21,12.583333333333334
Puente Alto,2005-04-20,17.826771653543307
Puente Alto,2005-04-21,14.958333333333334
Puente Alto,2005-05-20,30.243055555555557
Puente Alto,2005-05-21,19.083333333333332
Puente Alto,2005-06-20,26.9375
Puente Alto,2005-06-21,32.625
Puente Alto,2005-07-20,27.41176470588235
Puente Alto,2005-07-21,46.416666666666664
Puente Alto,2005-08-20,37.638888888888886
Puente Alto,2005-08-21,13.833333333333334
Puente Alto,2005-09-20,24.755244755244757
Puente Alto,2005-09-21,22.166666666666668
Puente Alto,2005-10-20,15.986013986013987
Puente Alto,2005-10-21,14.875
Puente Alto,2005-11-20,14.183333333333334
Puente Alto,2005-11-21,10.666666666666666
Puente Alto,2005-12-20,13.514925373134329
Puente Alto,2005-12-21,8.791666666666666
Puente Alto,2006-01-20,14.159722222222221
Puente Alto,2006-01-21,12.916666666666666
Puente Alto,2006-02-20,20.868055555555557
Puente Alto,2006-02-21,17.166666666666668
Puente Alto,2006-03-20,15.472222222222221
Puente Alto,2006-03-21,13.083333333333334
Puente Alto,2006-04-20,16.666666666666668
Puente Alto,2006-04-21,18.2
Puente Alto,2006-05-20,32.701388888888886
Puente Alto,2006-05-21,17.291666666666668
Puente Alto,2006-06-20,28.893617021276597
Puente Alto,2006-06-21,47.166666666666664
Puente Alto,2006-07-20,28.08888888888889
Puente Alto,2006-07-21,41.791666666666664
Puente Alto,2006-08-20,36.923611111111114
Puente Alto,2006-08-21,7.666666666666667
Puente Alto,2006-09-20,19.083916083916083
Puente Alto,2006-09-21,24.875
Puente Alto,2006-10-20,15.652777777777779
Puente Alto,2006-10-21,15.583333333333334
Puente Alto,2006-11-20,14.65
Puente Alto,2006-11-21,11.875
Puente Alto,2006-12-20,14.572519083969466
Puente Alto,2006-12-21,9.666666666666666
Puente Alto,2007-01-20,12.20138888888889
Puente Alto,2007-01-21,9.125
Puente Alto,2007-02-20,25.65277777777778
Puente Alto,2007-02-21,12.291666666666666
Puente Alto,2007-03-20,15.347222222222221
Puente Alto,2007-03-21,9.625
Puente Alto,2007-04-20,16.4375
Puente Alto,2007-04-21,16.083333333333332
Puente Alto,2007-05-20,29.86111111111111
Puente Alto,2007-05-21,8.916666666666666
Puente Alto,2007-06-20,32.9375
Puente Alto,2007-06-21,46
Puente Alto,2007-07-20,36.951388888888886
Puente Alto,2007-07-21,46.166666666666664
Puente Alto,2007-08-20,27.243055555555557
Puente Alto,2007-08-21,17.5
Puente Alto,2007-09-20,14.38888888888889
Puente Alto,2007-09-21,22.958333333333332
Puente Alto,2007-10-20,14.73611111111111
Puente Alto,2007-10-21,14.75
Puente Alto,2007-11-20,15.4
Puente Alto,2007-11-21,13.541666666666666
Puente Alto,2007-12-20,13.5625
Puente Alto,2007-12-21,11.833333333333334
Puente Alto,2008-01-20,11.034722222222221
Puente Alto,2008-01-21,8.25
Puente Alto,2008-02-20,23.27777777777778
Puente Alto,2008-02-21,7.791666666666667
Puente Alto,2008-03-20,13.129770992366412
Puente Alto,2008-03-21,7.166666666666667
Puente Alto,2008-04-20,18.90277777777778
Puente Alto,2008-04-21,16.333333333333332
Puente Alto,2008-05-20,32.68571428571428
Puente Alto,2008-05-21,19.25
Puente Alto,2008-06-20,33.138888888888886
Puente Alto,2008-06-21,18.125
Puente Alto,2008-07-20,33.770833333333336
Puente Alto,2008-07-21,47.625
Puente Alto,2008-08-20,30.270833333333332
Puente Alto,2008-08-21,23.166666666666668
Puente Alto,2008-09-20,17.937062937062937
Puente Alto,2008-09-21,29.73913043478261
Puente Alto,2008-10-20,11.618055555555555
Puente Alto,2008-10-21,8.458333333333334
Puente Alto,2008-11-20,15.691666666666666
Puente Alto,2008-11-21,13.75
Puente Alto,2008-12-20,12.797202797202797
Puente Alto,2008-12-21,9.666666666666666
Puente Alto,2009-01-20,11.159722222222221
Puente Alto,2009-01-21,9
Puente Alto,2009-02-20,26.15277777777778
Puente Alto,2009-02-21,10.625
Puente Alto,2009-03-20,13.375
Puente Alto,2009-03-21,9.583333333333334
Puente Alto,2009-04-20,18.583333333333332
Puente Alto,2009-04-21,20.291666666666668
Puente Alto,2009-05-20,27.729166666666668
Puente Alto,2009-05-21,30.625
Puente Alto,2009-06-20,27.335714285714285
Puente Alto,2009-06-21,7.041666666666667
Puente Alto,2009-07-20,33.576388888888886
Puente Alto,2009-07-21,36.333333333333336
Puente Alto,2009-08-20,30.895833333333332
Puente Alto,2009-08-21,28.5
Puente Alto,2009-09-20,22.083916083916083
Puente Alto,2009-09-21,25.166666666666668
Puente Alto,2009-10-20,14.61111111111111
Puente Alto,2009-10-21,16.791666666666668
Puente Alto,2009-11-20,12.8
Puente Alto,2009-11-21,12.166666666666666
Puente Alto,2009-12-20,11.743055555555555
Puente Alto,2009-12-21,13.782608695652174
Puente Alto,2010-01-20,10.972222222222221
Puente Alto,2010-01-21,11.869565217391305
Puente Alto,2010-02-20,22.85211267605634
Puente Alto,2010-02-21,11.166666666666666
Puente Alto,2010-03-20,13.895833333333334
Puente Alto,2010-03-21,11.041666666666666
Puente Alto,2010-04-20,18.86111111111111
Puente Alto,2010-04-21,19.541666666666668
Puente Alto,2010-05-20,26.115942028985508
Puente Alto,2010-05-21,30.875
Puente Alto,2010-06-20,33.06870229007634
Puente Alto,2010-06-21,18.833333333333332
Puente Alto,2010-07-20,33.71527777777778
Puente Alto,2010-07-21,24.083333333333332
Puente Alto,2010-08-20,24.243055555555557
Puente Alto,2010-08-21,27.25
Puente Alto,2010-09-20,23.180555555555557
Puente Alto,2010-09-21,13.375
Puente Alto,2010-10-20,15.979166666666666
Puente Alto,2010-10-21,17.333333333333332
Puente Alto,2010-11-20,11.923728813559322
Puente Alto,2010-11-21,9.083333333333334
Puente Alto,2010-12-20,11.375
Puente Alto,2010-12-21,15.625
Puente Alto,2011-01-20,11.908450704225352
Puente Alto,2011-01-21,14.791666666666666
Puente Alto,2011-02-20,23.381944444444443
Puente Alto,2011-02-21,10.083333333333334
Puente Alto,2011-03-20,14.494736842105263
Puente Alto,2011-03-21,14.818181818181818
Puente Alto,2011-04-20,17.104166666666668
Puente Alto,2011-04-21,21.333333333333332
Puente Alto,2011-05-20,30.29861111111111
Puente Alto,2011-05-21,39.625
Puente Alto,2011-06-20,32.43055555555556
Puente Alto,2011-06-21,30.375
Puente Alto,2011-07-20,39.270833333333336
Puente Alto,2011-07-21,46.42857142857143
Puente Alto,2011-08-20,28.88888888888889
Puente Alto,2011-09-20,14.671328671328672
Puente Alto,2011-09-21,15.916666666666666
Puente Alto,2011-10-20,17.17142857142857
Puente Alto,2011-10-21,16.625
Puente Alto,2011-11-20,11.504201680672269
Puente Alto,2011-11-21,7.875
Puente Alto,2011-12-20,12.506944444444445
Puente Alto,2011-12-21,14.208333333333334
Puente Alto,2012-01-20,13.715277777777779
Puente Alto,2012-01-21,14.333333333333334
Puente Alto,2012-02-20,22.20138888888889
Puente Alto,2012-02-21,12.25
Puente Alto,2012-03-20,13.287234042553191
Puente Alto,2012-04-20,20.20138888888889
Puente Alto,2012-04-21,22
Puente Alto,2012-05-20,30.76923076923077
Puente Alto,2012-05-21,34
Puente Alto,2012-06-20,31.776223776223777
Puente Alto,2012-06-21,18.875
Puente Alto,2012-07-20,40.138888888888886
Puente Alto,2012-07-21,47.916666666666664
Puente Alto,2012-08-20,31.755244755244757
Puente Alto,2012-08-21,30.5
Puente Alto,2012-09-20,16.743055555555557
Puente Alto,2012-09-21,17.625
Puente Alto,2012-10-20,20.375
Puente Alto,2012-10-21,22.916666666666668
Puente Alto,2012-11-20,11.565217391304348
Puente Alto,2012-11-21,8.458333333333334
Puente Alto,2012-12-20,11.666666666666666
Puente Alto,2012-12-21,11.75
Puente Alto,2013-01-20,12.902777777777779
Puente Alto,2013-01-21,12.75
Puente Alto,2013-02-20,15.125
Puente Alto,2013-02-21,11.958333333333334
Puente Alto,2013-03-20,16.677419354838708
Puente Alto,2013-04-20,22.680555555555557
Puente Alto,2013-04-21,21.708333333333332
Puente Alto,2013-05-20,38.99305555555556
Puente Alto,2013-05-21,26.5
Puente Alto,2013-06-20,31.92361111111111
Puente Alto,2013-06-21,5
Puente Alto,2013-07-20,33.069930069930066
Puente Alto,2013-07-21,63.541666666666664
Puente Alto,2013-08-20,32.65277777777778
Puente Alto,2013-08-21,30.416666666666668
Puente Alto,2013-09-20,18.15277777777778
Puente Alto,2013-09-21,19.833333333333332
Puente Alto,2013-10-20,18.833333333333332
Puente Alto,2013-10-21,17.666666666666668
Puente Alto,2013-11-20,10.75925925925926
Puente Alto,2013-11-21,12.291666666666666
Puente Alto,2013-12-20,10.833333333333334
Puente Alto,2013-12-21,12.166666666666666
Puente Alto,2014-01-20,13.685314685314685
Puente Alto,2014-01-21,8.916666666666666
Puente Alto,2014-02-20,18.61111111111111
Puente Alto,2014-02-21,14.333333333333334
Puente Alto,2014-03-20,22.254716981132077
Puente Alto,2014-03-21,17.416666666666668
Puente Alto,2014-04-20,25.75
Puente Alto,2014-04-21,14.291666666666666
Puente Alto,2014-05-20,37.68055555555556
Puente Alto,2014-05-21,39.041666666666664
Puente Alto,2014-06-20,29.34027777777778
Puente Alto,2014-06-21,4.958333333333333
Puente Alto,2014-07-20,31.82638888888889
Puente Alto,2014-07-21,59.041666666666664
Puente Alto,2014-08-20,32.333333333333336
Puente Alto,2014-08-21,45.791666666666664
Puente Alto,2014-09-20,21.95138888888889
Puente Alto,2014-09-21,24.583333333333332
Puente Alto,2014-10-20,14.833333333333334
Puente Alto,2014-10-21,14.958333333333334
Puente Alto,2014-11-20,11.966666666666667
Puente Alto,2014-11-21,18.083333333333332
Puente Alto,2014-12-20,11.479166666666666
Puente Alto,2014-12-21,13.333333333333334
Puente Alto,2015-01-20,12.92361111111111
Puente Alto,2015-01-21,8.083333333333334
Puente Alto,2015-02-20,20.26950354609929
Puente Alto,2015-02-21,17
Puente Alto,2015-03-20,19.03846153846154
Puente Alto,2015-03-21,20.375
Puente Alto,2015-04-20,25.46527777777778
Puente Alto,2015-04-21,11.958333333333334
Puente Alto,2015-05-20,41.48951048951049
Puente Alto,2015-05-21,25.25
Puente Alto,2015-06-20,34.326388888888886
Puente Alto,2015-06-21,18.833333333333332
Puente Alto,2015-07-20,39.263888888888886
Puente Alto,2015-07-21,57.625
Puente Alto,2015-08-20,33.020833333333336
Puente Alto,2015-08-21,56.583333333333336
Puente Alto,2015-09-20,19.958333333333332
Puente Alto,2015-09-21,12.916666666666666
Puente Alto,2015-10-20,16.069444444444443
Puente Alto,2015-10-21,15.25
Puente Alto,2015-11-20,11.291666666666666
Puente Alto,2015-11-21,15.416666666666666
Puente Alto,2015-12-20,14.314685314685315
Puente Alto,2015-12-21,14.083333333333334
Puente Alto,2016-01-20,13.363636363636363
Puente Alto,2016-01-21,7.416666666666667
Puente Alto,2016-02-20,16.84722222222222
Puente Alto,2016-02-21,19.708333333333332
Puente Alto,2016-03-20,15.161904761904761
Puente Alto,2016-03-21,23.208333333333332
Puente Alto,2016-04-20,28.20138888888889
Puente Alto,2016-04-21,17.25
Puente Alto,2016-05-20,42.50694444444444
Puente Alto,2016-05-21,23.818181818181817
Puente Alto,2016-06-20,35.72222222222222
Puente Alto,2016-06-21,30.291666666666668
Puente Alto,2016-07-20,41.888888888888886
Puente Alto,2016-07-21,41.666666666666664
Puente Alto,2016-08-20,28.905797101449274
Puente Alto,2016-08-21,39.666666666666664
Puente Alto,2016-09-20,21.145833333333332
Puente Alto,2016-09-21,15.5
Puente Alto,2016-10-20,15.943661971830986
Puente Alto,2016-10-21,12.375
Puente Alto,2016-11-20,11.316666666666666
Puente Alto,2016-11-21,15.208333333333334
Puente Alto,2016-12-20,15.32638888888889
Puente Alto,2016-12-21,14.333333333333334
Puente Alto,2017-01-20,13.229166666666666
Puente Alto,2017-01-21,9.708333333333334
Puente Alto,2017-02-20,16.01388888888889
Puente Alto,2017-02-21,15.875
Puente Alto,2017-03-20,14.816793893129772
Puente Alto,2017-03-21,19.541666666666668
Puente Alto,2017-04-20,24.395833333333332
Puente Alto,2017-04-21,14.75
Puente Alto,2017-05-20,32.673611111111114
Puente Alto,2017-05-21,28.541666666666668
Puente Alto,2017-06-20,30.84027777777778
Puente Alto,2017-06-21,25.5
Puente Alto,2017-07-20,43.375
Puente Alto,2017-07-21,45.708333333333336
Puente Alto,2017-08-20,22.763779527559056
Puente Alto,2017-08-21,40.958333333333336
Puente Alto,2017-09-20,22
Puente Alto,2017-09-21,23.083333333333332
Puente Alto,2017-10-20,14.476923076923077
Puente Alto,2017-10-21,16.583333333333332
Puente Alto,2017-11-20,12.941666666666666
Puente Alto,2017-11-21,12.958333333333334
Puente Alto,2017-12-20,12.215277777777779
Puente Alto,2017-12-21,16.91304347826087
Puente Alto,2018-01-20,16.295774647887324
Puente Alto,2018-01-21,12.125
Puente Alto,2018-02-20,14.291666666666666
Puente Alto,2018-02-21,11.625
Puente Alto,2018-03-20,14.375
Puente Alto,2018-03-21,20.083333333333332
Puente Alto,2018-04-20,25.59027777777778
Puente Alto,2018-04-21,19.75
Puente Alto,2018-05-20,33.99300699300699
Puente Alto,2018-05-21,35.666666666666664
Puente Alto,2018-06-20,37.19444444444444
Puente Alto,2018-06-21,6.25
Puente Alto,2018-07-20,32.30555555555556
Puente Alto,2018-07-21,40.166666666666664
Puente Alto,2018-08-20,24.733333333333334
Puente Alto,2018-08-21,40.291666666666664
Puente Alto,2018-09-20,21.98611111111111
Puente Alto,2018-09-21,23.166666666666668
Puente Alto,2018-10-20,12.840277777777779
Puente Alto,2018-10-21,17.833333333333332
Puente Alto,2018-11-20,14.066666666666666
Puente Alto,2018-11-21,10.625
Puente Alto,2018-12-20,12.118055555555555
Puente Alto,2018-12-21,12.125
Puente Alto,2019-01-20,16.22222222222222
Puente Alto,2019-01-21,13.5
Puente Alto,2019-02-20,15.391608391608392
Puente Alto,2019-02-21,15.333333333333334
Puente Alto,2019-03-20,13.88888888888889
Puente Alto,2019-03-21,19.708333333333332
Puente Alto,2019-04-20,21.859154929577464
Puente Alto,2019-04-21,22.916666666666668
Puente Alto,2019-05-20,30.03472222222222
Puente Alto,2019-05-21,48.416666666666664
Puente Alto,2019-06-20,44.263888888888886
Puente Alto,2019-06-21,6.458333333333333
Puente Alto,2019-07-20,28.6993006993007
Puente Alto,2019-07-21,44.04545454545455
Puente Alto,2019-08-20,25.086330935251798
Puente Alto,2019-08-21,31.708333333333332
Puente Alto,2019-09-20,23.819444444444443
Puente Alto,2019-09-21,7.666666666666667
Puente Alto,2019-10-20,14.333333333333334
Puente Alto,2019-10-21,16.958333333333332
Puente Alto,2019-11-20,13.883333333333333
Puente Alto,2019-11-21,14.041666666666666
Puente Alto,2019-12-20,12.583333333333334
Puente Alto,2019-12-21,14.958333333333334
Puente Alto,2020-01-20,17.65972222222222
Puente Alto,2020-01-21,16.541666666666668
Puente Alto,2020-02-20,14.791666666666666
Puente Alto,2020-02-21,11.208333333333334
Puente Alto,2020-03-20,15.152777777777779
Puente Alto,2020-03-21,20.833333333333332
Puente Alto,2020-04-20,22.166666666666668
Puente Alto,2020-04-21,35
Puente Alto,2020-05-20,26.619402985074625
Puente Alto,2020-05-21,19.083333333333332
Puente Alto,2020-06-20,38.50694444444444
Puente Alto,2020-06-21,17.291666666666668
Puente Alto,2020-07-20,30.25
Puente Alto,2020-07-21,45.458333333333336
Puente Alto,2020-08-20,22.59722222222222
Puente Alto,2020-08-21,29.833333333333332
Puente Alto,2020-09-20,16.868055555555557
Puente Alto,2020-09-21,23.75
Puente Alto,2020-10-20,15.45138888888889
Puente Alto,2020-10-21,5
Puente Alto,2020-11-20,12.658333333333333
Puente Alto,2020-11-21,14.458333333333334
Puente Alto,2020-12-20,11.944444444444445
Puente Alto,2020-12-21,18.833333333333332
Puente Alto,2021-01-20,15.73611111111111
Puente Alto,2021-01-21,16.291666666666668
Puente Alto,2021-02-20,16.020833333333332
Puente Alto,2021-02-21,8.666666666666666
Puente Alto,2021-03-20,15.541666666666666
Puente Alto,2021-03-21,24.291666666666668
Puente Alto,2021-04-20,20.416666666666668
Puente Alto,2021-04-21,25.541666666666668
Puente Alto,2021-05-20,25.325
Puente Alto,2021-05-21,14.75
Puente Alto,2021-06-20,42.80555555555556
Puente Alto,2021-06-21,6.916666666666667
Puente Alto,2021-07-20,25.463768115942027
Puente Alto,2021-07-21,32.291666666666664
Puente Alto,2021-08-20,26.930555555555557
Puente Alto,2021-08-21,23.458333333333332
Puente Alto,2021-09-20,15.295774647887324
Puente Alto,2021-09-21,23.791666666666668
Puente Alto,2021-10-20,22.42361111111111
Puente Alto,2021-10-21,9.125
Puente Alto,2021-11-20,11.283333333333333
Puente Alto,2021-11-21,13.375
Puente Alto,2021-12-20,13.98611111111111
Puente Alto,2021-12-21,19.958333333333332
Puente Alto,2022-01-20,15.791666666666666
Puente Alto,2022-01-21,16
Puente Alto,2022-02-20,15.180555555555555
Puente Alto,2022-02-21,5.681818181818182
Puente Alto,2022-03-20,14.950704225352112
Puente Alto,2022-03-21,17.08695652173913
Puente Alto,2022-04-20,20.333333333333332
Puente Alto,2022-04-21,13.791666666666666
Puente Alto,2022-05-20,25.00763358778626
Puente Alto,2022-05-21,8.916666666666666
Puente Alto,2022-06-20,35.15384615384615
Puente Alto,2022-06-21,5.041666666666667
Puente Alto,2022-07-20,26.63888888888889
Puente Alto,2022-07-21,31.904761904761905
Puente Alto,2022-08-20,25.791666666666668
Puente Alto,2022-08-21,8.75
Puente Alto,2022-09-20,14.92361111111111
Puente Alto,2022-09-21,8.958333333333334
Puente Alto,2022-10-20,20.16793893129771
Puente Alto,2022-10-21,10.416666666666666
Puente Alto,2022-11-20,11.95
Puente Alto,2022-11-21,10.041666666666666
Puente Alto,2022-12-20,14.375886524822695
Puente Alto,2022-12-21,17.791666666666668
Puente Alto,2023-01-20,15.840277777777779
Puente Alto,2023-01-21,15.791666666666666
Puente Alto,2023-02-20,14.61111111111111
Puente Alto,2023-02-21,7.416666666666667
Puente Alto,2023-03-20,13.534722222222221
Puente Alto,2023-03-21,13.791666666666666
Puente Alto,2023-04-20,22.881944444444443
Puente Alto,2023-04-21,18.333333333333332
Puente Alto,2023-05-20,26.29861111111111
Puente Alto,2023-05-21,9.708333333333334
Puente Alto,2023-06-20,29.40909090909091
Puente Alto,2023-06-21,9.666666666666666
Puente Alto,2023-07-20,30.48951048951049
Puente Alto,2023-07-21,26.5
Puente Alto,2023-08-20,21.13888888888889
Puente Alto,2023-08-21,15.083333333333334
Puente Alto,2023-09-20,20.09027777777778
Puente Alto,2023-09-21,9.130434782608695
Puente Alto,2023-10-20,15.759615384615385
Puente Alto,2023-10-21,9.25
Puente Alto,2023-11-20,12.291666666666666
Puente Alto,2023-11-21,10.125
Puente Alto,2023-12-20,13.5
Puente Alto,2023-12-21,14.666666666666666
Puente Alto,2024-01-20,15.666666666666666
Puente Alto,2024-01-21,16.625
Puente Alto,2024-02-20,13.25
Puente Alto,2024-02-21,10.416666666666666
Puente Alto,2024-03-20,15.097222222222221
Puente Alto,2024-03-21,11.541666666666666
Puente Alto,2024-04-20,23.756944444444443
Puente Alto,2024-04-21,14.791666666666666
Puente Alto,2024-05-20,24.493055555555557
Puente Alto,2024-05-21,29.375
Puente Alto,2024-06-20,27.40909090909091
Puente Alto,2024-06-21,18.166666666666668
Puente Alto,2024-07-20,32.61805555555556
Puente Alto,2024-07-21,29.25
Puente Alto,2024-08-11,28.541666666666668
Puente Alto,2024-08-20,23.384057971014492
Puente Alto,2024-08-21,30.041666666666668
Puente Alto,2024-09-20,20
Puente Alto,2024-09-21,16.208333333333332
Puente Alto,2024-10-20,13.65625
Puente Alto,2024-10-21,13.125
Puente Alto,2024-11-20,10.258333333333333
Puente Alto,2024-11-21,8.541666666666666
Puente Alto,2024-12-20,17.816666666666666
Puente Alto,2024-12-21,15.208333333333334
Puente Alto,2025-01-20,15.229166666666666
Puente Alto,2025-01-21,13.478260869565217
Puente Alto,2025-02-20,13.881944444444445
Puente Alto,2025-02-21,10.791666666666666
Puente Alto,2025-03-20,15.792592592592593
Puente Alto,2025-03-21,13.416666666666666
Puente Alto,2025-04-20,22.40972222222222
Puente Alto,2025-04-21,13.791666666666666
Puente Alto,2025-05-20,26.416666666666668
Puente Alto,2025-05-21,19.125
Puente Alto,2025-06-20,26.58450704225352
Puente Alto,2025-06-21,26.333333333333332
Puente Alto,2025-07-20,29.993055555555557
Puente Alto,2025-07-21,33.833333333333336
Puente Alto,2025-08-20,24.703703703703702
Puente Alto,2025-08-21,20.708333333333332
Puente Alto,2025-09-20,18.36111111111111
Puente Alto,2025-09-21,15.083333333333334
Puente Alto,2025-10-20,11.333333333333334
Puente Alto,2025-10-21,12.583333333333334
Puente Alto,2025-11-20,10.336134453781513
Puente Alto,2025-11-21,9.791666666666666
Puente Alto,2025-12-20,14.141666666666667
Puente Alto,2025-12-21,13.208333333333334
Puente Alto,2026-01-20,15.895833333333334
Puente Alto,2026-01-21,12.958333333333334
Puente Alto,2026-02-20,13.965277777777779
Puente Alto,2026-02-21,13.25
Puente Alto,2026-03-20,17.581196581196583
Puente Alto,2026-03-21,16.833333333333332
Puente Alto,2026-04-20,20.09027777777778
Puente Alto,2026-04-21,14.625
Puente Alto,2026-05-20,34.048611111111114
Puente Alto,2026-05-21,23.083333333333332
Puente Alto,2026-06-20,33.25352112676056
Puente Alto,2026-06-21,31.791666666666668
Puente Alto,2026-07-20,35.173611111111114
Puente Alto,2026-07-21,42.958333333333336
Puente Alto,2026-08-20,22.38888888888889
Puente Alto,2026-08-21,19.833333333333332
Puente Alto,2026-09-20,18.29861111111111
Puente Alto,2026-09-21,17.208333333333332
Puente Alto,2026-10-20,12.895833333333334
Puente Alto,2026-10-21,17.791666666666668
Puente Alto,2026-11-20,11.391666666666667
Puente Alto,2026-11-21,9.666666666666666
Puente Alto,2026-12-20,12.417322834645669
Puente Alto,2026-12-21,12.291666666666666
Puente Alto,2027-01-20,15.42361111111111
Puente Alto,2027-01-21,14.083333333333334
Puente Alto,2027-02-20,15.569444444444445
Puente Alto,2027-02-21,11.5
Puente Alto,2027-03-20,19.958333333333332
Puente Alto,2027-03-21,17.958333333333332
Puente Alto,2027-04-20,25.15972222222222
Puente Alto,2027-04-21,19.791666666666668
Puente Alto,2027-05-20,39.138888888888886
Puente Alto,2027-05-21,38.166666666666664
Puente Alto,2027-06-20,33.638888888888886
Puente Alto,2027-06-21,19.041666666666668
Puente Alto,2027-07-20,40
Puente Alto,2027-07-21,53.5
Puente Alto,2027-08-20,26.833333333333332
Puente Alto,2027-08-21,26.666666666666668
Puente Alto,2027-09-20,15.847222222222221
Puente Alto,2027-09-21,20.666666666666668
Puente Alto,2027-10-20,13.145833333333334
Puente Alto,2027-10-21,16.333333333333332
Puente Alto,2027-11-20,11.966666666666667
Puente Alto,2027-11-21,9.416666666666666
Puente Alto,2027-12-20,13.722222222222221
Puente Alto,2027-12-21,13.041666666666666
Puente Alto,2028-01-20,15.243055555555555
Puente Alto,2028-01-21,11.708333333333334
Puente Alto,2028-02-20,15.680555555555555
Puente Alto,2028-02-21,11.125
Puente Alto,2028-03-20,20.55
Puente Alto,2028-03-21,18.625
Puente Alto,2028-04-20,29.70138888888889
Puente Alto,2028-04-21,24.791666666666668
Puente Alto,2028-05-20,40.32867132867133
Puente Alto,2028-05-21,29.291666666666668
Puente Alto,2028-06-20,28.625
Puente Alto,2028-06-21,34.791666666666664
Puente Alto,2028-07-20,35.74305555555556
Puente Alto,2028-07-21,46.416666666666664
Puente Alto,2028-08-20,27.52857142857143
Puente Alto,2028-08-21,25.869565217391305
Puente Alto,2028-09-20,16.211267605633804
Puente Alto,2028-09-21,20.333333333333332
Puente Alto,2028-10-20,13
Puente Alto,2028-10-21,15.208333333333334
Puente Alto,2028-11-20,12.008333333333333
Puente Alto,2028-11-21,9.583333333333334
Puente Alto,2028-12-20,13.80281690140845
Puente Alto,2028-12-21,11.875
Puente Alto,2029-01-20,13.680555555555555
Puente Alto,2029-01-21,13.75
Puente Alto,2029-02-20,26.708333333333332
Puente Alto,2029-02-21,8.916666666666666
Puente Alto,2029-03-20,21.651515151515152
Puente Alto,2029-03-21,20.625
Puente Alto,2029-04-20,26.29787234042553
Puente Alto,2029-04-21,17.833333333333332
Puente Alto,2029-05-20,32.916666666666664
Puente Alto,2029-05-21,42.75
Puente Alto,2029-06-20,25.093525179856115
Puente Alto,2029-06-21,63.75
Puente Alto,2029-07-20,31.208333333333332
Puente Alto,2029-07-21,44
Puente Alto,2029-08-20,21.0625
Puente Alto,2029-08-21,21
Puente Alto,2029-09-20,14.715277777777779
Puente Alto,2029-09-21,14
Puente Alto,2029-10-20,12.396396396396396
Puente Alto,2029-10-21,14.875
Puente Alto,2029-11-20,11.858333333333333
Puente Alto,2029-11-21,10.625
Puente Alto,2029-12-20,12.880281690140846
Puente Alto,2029-12-21,11.791666666666666
Puente Alto,2030-01-20,14.428571428571429
Puente Alto,2030-01-21,16
Puente Alto,2030-03-20,21.73611111111111
Puente Alto,2030-03-21,20.833333333333332
Puente Alto,2030-04-20,27.875
Puente Alto,2030-04-21,11.125
Puente Alto,2030-05-20,33.32167832167832
Puente Alto,2030-05-21,43.416666666666664
Puente Alto,2030-06-20,29.34027777777778
Puente Alto,2030-06-21,28.791666666666668
Puente Alto,2030-07-20,33.49305555555556
Puente Alto,2030-07-21,51.583333333333336
Puente Alto,2030-08-20,21.479166666666668
Puente Alto,2030-08-21,16.708333333333332
Puente Alto,2030-09-20,14.527777777777779
Puente Alto,2030-09-21,11.75
Puente Alto,2030-10-20,12.966666666666667
Puente Alto,2030-10-21,14.291666666666666
Puente Alto,2030-11-20,10.735537190082646
Puente Alto,2030-11-21,8.958333333333334
Puente Alto,2030-12-20,12.847222222222221
Puente Alto,2030-12-21,15.291666666666666
Puente Alto,2031-01-20,13.166666666666666
Puente Alto,2031-01-21,15.5
Puente Alto,2031-03-20,16.90972222222222
Puente Alto,2031-03-21,12.333333333333334
Puente Alto,2031-05-20,30.979166666666668
Puente Alto,2031-05-21,36.291666666666664
Puente Alto,2031-07-20,43.423611111111114
Puente Alto,2031-07-21,48
Puente Alto,2031-08-20,22.970149253731343
Puente Alto,2031-08-21,35.833333333333336
Puente Alto,2031-10-20,17.550847457627118
Puente Alto,2031-10-21,15.041666666666666
Puente Alto,2031-12-20,16.868055555555557
Puente Alto,2031-12-21,11.791666666666666
Quilicura,2001-01-20,16.49206349206349
Quilicura,2001-01-21,9.958333333333334
Quilicura,2001-02-20,14.391608391608392
Quilicura,2001-02-21,23.583333333333332
Quilicura,2001-03-20,16.243055555555557
Quilicura,2001-03-21,14.541666666666666
Quilicura,2001-04-20,20.125
Quilicura,2001-04-21,10.583333333333334
Quilicura,2001-05-20,35.4375
Quilicura,2001-05-21,11.541666666666666
Quilicura,2001-06-20,38.541666666666664
Quilicura,2001-06-21,49.125
Quilicura,2001-07-20,36.96478873239437
Quilicura,2001-07-21,36.958333333333336
Quilicura,2001-08-20,44.986111111111114
Quilicura,2001-08-21,19.636363636363637
Quilicura,2001-09-20,25.993055555555557
Quilicura,2001-09-21,29.458333333333332
Quilicura,2001-10-20,13.062937062937063
Quilicura,2001-10-21,9.166666666666666
Quilicura,2001-11-20,13.54861111111111
Quilicura,2001-11-21,7
Quilicura,2001-12-20,13.453900709219859
Quilicura,2001-12-21,3.4583333333333335
Quilicura,2002-01-20,11.547445255474452
Quilicura,2002-01-21,10
Quilicura,2002-02-20,15.053030303030303
Quilicura,2002-02-21,19.333333333333332
Quilicura,2002-03-20,17.034965034965033
Quilicura,2002-03-21,17.083333333333332
Quilicura,2002-04-20,30.447619047619046
Quilicura,2002-04-21,15.458333333333334
Quilicura,2002-05-20,27.09027777777778
Quilicura,2002-05-21,18.458333333333332
Quilicura,2002-06-20,38.65972222222222
Quilicura,2002-06-21,55.166666666666664
Quilicura,2002-07-20,38.041666666666664
Quilicura,2002-07-21,38.208333333333336
Quilicura,2002-08-20,45.94444444444444
Quilicura,2002-08-21,4
Quilicura,2002-09-20,26.29861111111111
Quilicura,2002-09-21,8.166666666666666
Quilicura,2002-10-20,12.416666666666666
Quilicura,2002-10-21,10.166666666666666
Quilicura,2002-11-20,13.57638888888889
Quilicura,2002-11-21,5.083333333333333
Quilicura,2002-12-20,14.42361111111111
Quilicura,2002-12-21,5.75
Quilicura,2003-01-20,14.23076923076923
Quilicura,2003-01-21,12.958333333333334
Quilicura,2003-02-20,13.008333333333333
Quilicura,2003-02-21,21.357142857142858
Quilicura,2003-03-20,15.3125
Quilicura,2003-03-21,11.833333333333334
Quilicura,2003-04-20,23.42452830188679
Quilicura,2003-04-21,14.541666666666666
Quilicura,2003-05-20,26.84722222222222
Quilicura,2003-05-21,24.666666666666668
Quilicura,2003-06-20,29.664335664335663
Quilicura,2003-06-21,47.666666666666664
Quilicura,2003-07-20,49.78472222222222
Quilicura,2003-07-21,37.666666666666664
Quilicura,2003-08-20,47.04929577464789
Quilicura,2003-08-21,16.375
Quilicura,2003-09-20,26.146853146853147
Quilicura,2003-09-21,12.791666666666666
Quilicura,2003-10-20,11.98611111111111
Quilicura,2003-10-21,17.166666666666668
Quilicura,2003-11-20,15.368794326241135
Quilicura,2003-11-21,5.5
Quilicura,2003-12-20,12.53191489361702
Quilicura,2003-12-21,8.958333333333334
Quilicura,2004-01-20,14.454545454545455
Quilicura,2004-01-21,14.333333333333334
Quilicura,2004-02-20,13.183333333333334
Quilicura,2004-03-20,15.048951048951048
Quilicura,2004-03-21,14.916666666666666
Quilicura,2004-04-20,22.6640625
Quilicura,2004-04-21,20.541666666666668
Quilicura,2004-05-20,28.59722222222222
Quilicura,2004-05-21,25.75
Quilicura,2004-06-20,36.36805555555556
Quilicura,2004-06-21,64.79166666666667
Quilicura,2004-07-20,42.791666666666664
Quilicura,2004-07-21,32
Quilicura,2004-08-20,46.50694444444444
Quilicura,2004-08-21,33.833333333333336
Quilicura,2004-09-20,23.78472222222222
Quilicura,2004-09-21,29.25
Quilicura,2004-10-20,13.319444444444445
Quilicura,2004-10-21,16.166666666666668
Quilicura,2004-11-20,11.944444444444445
Quilicura,2004-11-21,6.208333333333333
Quilicura,2004-12-20,13.847222222222221
Quilicura,2004-12-21,12.5
Quilicura,2005-01-20,13.013986013986013
Quilicura,2005-01-21,10.416666666666666
Quilicura,2005-02-20,13.966666666666667
Quilicura,2005-02-21,20
Quilicura,2005-03-20,15.625
Quilicura,2005-03-21,13.625
Quilicura,2005-04-20,17.583333333333332
Quilicura,2005-04-21,19.291666666666668
Quilicura,2005-05-20,34.986111111111114
Quilicura,2005-05-21,30.875
Quilicura,2005-06-20,37.55555555555556
Quilicura,2005-06-21,57.541666666666664
Quilicura,2005-07-20,36.763888888888886
Quilicura,2005-07-21,56.333333333333336
Quilicura,2005-08-20,42.44444444444444
Quilicura,2005-08-21,22.444444444444443
Quilicura,2005-09-20,26.454545454545453
Quilicura,2005-09-21,26.083333333333332
Quilicura,2005-10-20,15.51048951048951
Quilicura,2005-10-21,14.416666666666666
Quilicura,2005-11-20,13.8125
Quilicura,2005-11-21,7.416666666666667
Quilicura,2005-12-20,13.637037037037038
Quilicura,2005-12-21,5.541666666666667
Quilicura,2006-01-20,12.587301587301587
Quilicura,2006-01-21,10.375
Quilicura,2006-02-20,20.51937984496124
Quilicura,2006-02-21,21.727272727272727
Quilicura,2006-03-20,14.93006993006993
Quilicura,2006-03-21,16.166666666666668
Quilicura,2006-04-20,17
Quilicura,2006-04-21,14.52
Quilicura,2006-05-20,37.888888888888886
Quilicura,2006-05-21,20.333333333333332
Quilicura,2006-06-20,32.10489510489511
Quilicura,2006-06-21,62.125
Quilicura,2006-07-20,35.24305555555556
Quilicura,2006-07-21,60.083333333333336
Quilicura,2006-08-20,35.93055555555556
Quilicura,2006-09-20,21.573426573426573
Quilicura,2006-09-21,20.25
Quilicura,2006-10-20,17.583333333333332
Quilicura,2006-10-21,14.333333333333334
Quilicura,2006-11-20,13.819444444444445
Quilicura,2006-11-21,8.625
Quilicura,2006-12-20,15.862903225806452
Quilicura,2006-12-21,5.75
Quilicura,2007-01-20,12.16260162601626
Quilicura,2007-01-21,6.875
Quilicura,2007-02-20,25.5625
Quilicura,2007-03-20,13.364963503649635
Quilicura,2007-03-21,16.208333333333332
Quilicura,2007-04-20,16.484375
Quilicura,2007-04-21,16.5
Quilicura,2007-05-20,36.312056737588655
Quilicura,2007-05-21,10.285714285714286
Quilicura,2007-06-20,41.458333333333336
Quilicura,2007-06-21,46.130434782608695
Quilicura,2007-07-20,40.548611111111114
Quilicura,2007-07-21,60.75
Quilicura,2007-08-20,25.333333333333332
Quilicura,2007-09-20,15.154929577464788
Quilicura,2007-09-21,17.916666666666668
Quilicura,2007-10-20,16.816901408450704
Quilicura,2007-10-21,11.958333333333334
Quilicura,2007-11-20,14.86111111111111
Quilicura,2007-11-21,10.833333333333334
Quilicura,2007-12-20,20.773722627737225
Quilicura,2007-12-21,9.25
Quilicura,2008-01-20,9.065693430656934
Quilicura,2008-01-21,8.208333333333334
Quilicura,2008-02-20,22.725352112676056
Quilicura,2008-03-20,10.43089430894309
Quilicura,2008-03-21,6.833333333333333
Quilicura,2008-04-20,20.258333333333333
Quilicura,2008-04-21,17.416666666666668
Quilicura,2008-05-20,33.6015037593985
Quilicura,2008-05-21,18.416666666666668
Quilicura,2008-06-20,45.30555555555556
Quilicura,2008-06-21,26.416666666666668
Quilicura,2008-07-20,39.90277777777778
Quilicura,2008-07-21,65.79166666666667
Quilicura,2008-08-20,34.27972027972028
Quilicura,2008-08-21,50
Quilicura,2008-09-20,17.481203007518797
Quilicura,2008-09-21,30.652173913043477
Quilicura,2008-10-20,13.185714285714285
Quilicura,2008-10-21,5.166666666666667
Quilicura,2008-11-20,15.972222222222221
Quilicura,2008-11-21,11.208333333333334
Quilicura,2008-12-20,14.855072463768115
Quilicura,2008-12-21,6.208333333333333
Quilicura,2009-01-20,9.222222222222221
Quilicura,2009-01-21,12.5
Quilicura,2009-02-20,24.645833333333332
Quilicura,2009-02-21,10.818181818181818
Quilicura,2009-03-20,14.825
Quilicura,2009-03-21,9
Quilicura,2009-04-20,16.234848484848484
Quilicura,2009-04-21,23.083333333333332
Quilicura,2009-05-20,32.73134328358209
Quilicura,2009-05-21,34.125
Quilicura,2009-06-20,39.74125874125874
Quilicura,2009-06-21,6.625
Quilicura,2009-07-20,37.75694444444444
Quilicura,2009-07-21,47.25
Quilicura,2009-08-20,38.65277777777778
Quilicura,2009-08-21,36.125
Quilicura,2009-09-20,24.02777777777778
Quilicura,2009-09-21,21.416666666666668
Quilicura,2009-10-20,17.854166666666668
Quilicura,2009-10-21,14.75
Quilicura,2009-11-20,12.48611111111111
Quilicura,2009-11-21,8.875
Quilicura,2009-12-20,11.683098591549296
Quilicura,2009-12-21,10.5
Quilicura,2010-01-20,9.727272727272727
Quilicura,2010-01-21,11.041666666666666
Quilicura,2010-02-20,25.31205673758865
Quilicura,2010-02-21,11.833333333333334
Quilicura,2010-03-20,17.094017094017094
Quilicura,2010-03-21,13.25
Quilicura,2010-04-20,17.07638888888889
Quilicura,2010-04-21,24.333333333333332
Quilicura,2010-05-20,38.548611111111114
Quilicura,2010-05-21,33.416666666666664
Quilicura,2010-06-20,41.96527777777778
Quilicura,2010-06-21,25.541666666666668
Quilicura,2010-07-20,46.38194444444444
Quilicura,2010-07-21,30.166666666666668
Quilicura,2010-08-20,34.5
Quilicura,2010-08-21,39.666666666666664
Quilicura,2010-09-20,26.09027777777778
Quilicura,2010-09-21,12.5
Quilicura,2010-10-20,17.84027777777778
Quilicura,2010-10-21,15.708333333333334
Quilicura,2010-11-20,11.38888888888889
Quilicura,2010-11-21,2.9583333333333335
Quilicura,2010-12-20,11.847222222222221
Quilicura,2010-12-21,13.217391304347826
Quilicura,2011-01-20,11.297872340425531
Quilicura,2011-01-21,10.708333333333334
Quilicura,2011-02-20,21.95138888888889
Quilicura,2011-02-21,8.375
Quilicura,2011-03-20,13.066666666666666
Quilicura,2011-03-21,11.916666666666666
Quilicura,2011-04-20,17.743055555555557
Quilicura,2011-04-21,15
Quilicura,2011-05-20,39.291666666666664
Quilicura,2011-05-21,39.791666666666664
Quilicura,2011-06-20,45.15277777777778
Quilicura,2011-06-21,40.083333333333336
Quilicura,2011-07-20,46.56944444444444
Quilicura,2011-07-21,57.142857142857146
Quilicura,2011-08-20,33.138888888888886
Quilicura,2011-09-20,15.258741258741258
Quilicura,2011-09-21,11.625
Quilicura,2011-10-20,16.22222222222222
Quilicura,2011-10-21,14.666666666666666
Quilicura,2011-11-20,11.04861111111111
Quilicura,2011-11-21,4.166666666666667
Quilicura,2011-12-20,12.563909774436091
Quilicura,2011-12-21,10.958333333333334
Quilicura,2012-01-20,11.680851063829786
Quilicura,2012-01-21,13.833333333333334
Quilicura,2012-02-20,23.645833333333332
Quilicura,2012-02-21,12.958333333333334
Quilicura,2012-03-20,14.594059405940595
Quilicura,2012-03-21,7.166666666666667
Quilicura,2012-04-20,18.194444444444443
Quilicura,2012-04-21,12.791666666666666
Quilicura,2012-05-20,37.22222222222222
Quilicura,2012-05-21,34
Quilicura,2012-06-20,41.729166666666664
Quilicura,2012-06-21,28.25
Quilicura,2012-07-20,44.76923076923077
Quilicura,2012-07-21,59.5
Quilicura,2012-08-20,32.94326241134752
Quilicura,2012-08-21,44.833333333333336
Quilicura,2012-09-20,17.783216783216783
Quilicura,2012-09-21,16.833333333333332
Quilicura,2012-10-20,19.304347826086957
Quilicura,2012-10-21,21.041666666666668
Quilicura,2012-11-20,10.51063829787234
Quilicura,2012-11-21,7.625
Quilicura,2012-12-20,10.840909090909092
Quilicura,2012-12-21,5.708333333333333
Quilicura,2013-01-20,11.777777777777779
Quilicura,2013-01-21,14.5
Quilicura,2013-02-20,15.447552447552448
Quilicura,2013-02-21,16.875
Quilicura,2013-03-20,15.133333333333333
Quilicura,2013-03-21,7.75
Quilicura,2013-04-20,23.131944444444443
Quilicura,2013-04-21,16.916666666666668
Quilicura,2013-05-20,44.69444444444444
Quilicura,2013-05-21,31.333333333333332
Quilicura,2013-06-20,38.208333333333336
Quilicura,2013-06-21,4.375
Quilicura,2013-07-20,49.70503597122302
Quilicura,2013-07-21,77.125
Quilicura,2013-08-20,41.97222222222222
Quilicura,2013-08-21,34.5
Quilicura,2013-09-20,20.38888888888889
Quilicura,2013-09-21,15.666666666666666
Quilicura,2013-10-20,16.296875
Quilicura,2013-10-21,17.125
Quilicura,2013-11-20,9.528169014084508
Quilicura,2013-11-21,12.083333333333334
Quilicura,2013-12-20,10.04861111111111
Quilicura,2013-12-21,12.333333333333334
Quilicura,2014-01-20,12.041958041958042
Quilicura,2014-01-21,11.583333333333334
Quilicura,2014-02-20,16.47222222222222
Quilicura,2014-02-21,15.208333333333334
Quilicura,2014-03-20,16.333333333333332
Quilicura,2014-03-21,9.958333333333334
Quilicura,2014-04-20,24.547619047619047
Quilicura,2014-04-21,12.75
Quilicura,2014-05-20,47.90277777777778
Quilicura,2014-05-21,42.458333333333336
Quilicura,2014-06-20,43.65972222222222
Quilicura,2014-06-21,9.083333333333334
Quilicura,2014-07-20,49.478873239436616
Quilicura,2014-07-21,77.83333333333333
Quilicura,2014-08-20,39.23076923076923
Quilicura,2014-08-21,45.208333333333336
Quilicura,2014-09-20,24.265734265734267
Quilicura,2014-09-21,25.166666666666668
Quilicura,2014-10-20,13.806722689075631
Quilicura,2014-10-21,12.291666666666666
Quilicura,2014-11-20,12.112676056338028
Quilicura,2014-11-21,11.875
Quilicura,2014-12-20,11.20138888888889
Quilicura,2014-12-21,10.291666666666666
Quilicura,2015-01-20,11.784722222222221
Quilicura,2015-01-21,12.583333333333334
Quilicura,2015-02-20,17.40972222222222
Quilicura,2015-02-21,11.333333333333334
Quilicura,2015-03-20,13.82089552238806
Quilicura,2015-03-21,15.083333333333334
Quilicura,2015-04-20,25.108333333333334
Quilicura,2015-04-21,11.583333333333334
Quilicura,2015-05-20,49.02777777777778
Quilicura,2015-05-21,44.916666666666664
Quilicura,2015-06-20,42.625
Quilicura,2015-06-21,26.541666666666668
Quilicura,2015-07-20,51.78472222222222
Quilicura,2015-07-21,65.45833333333333
Quilicura,2015-08-20,33.36805555555556
Quilicura,2015-08-21,52.125
Quilicura,2015-09-20,22.805555555555557
Quilicura,2015-09-21,19.375
Quilicura,2015-10-20,15.026548672566372
Quilicura,2015-10-21,16.458333333333332
Quilicura,2015-11-20,12.307142857142857
Quilicura,2015-11-21,9.5
Quilicura,2015-12-20,14.767605633802816
Quilicura,2015-12-21,8.875
Quilicura,2016-01-20,11.993006993006993
Quilicura,2016-01-21,9.416666666666666
Quilicura,2016-02-20,14.833333333333334
Quilicura,2016-02-21,13.75
Quilicura,2016-03-20,13.255474452554745
Quilicura,2016-03-21,16
Quilicura,2016-04-20,28.4453125
Quilicura,2016-04-21,20.75
Quilicura,2016-05-20,50.41958041958042
Quilicura,2016-05-21,30.25
Quilicura,2016-06-20,44.333333333333336
Quilicura,2016-06-21,33.666666666666664
Quilicura,2016-07-20,53.19444444444444
Quilicura,2016-07-21,65.5
Quilicura,2016-08-20,32.604166666666664
Quilicura,2016-08-21,33.5
Quilicura,2016-09-20,18.251748251748253
Quilicura,2016-09-21,17.458333333333332
Quilicura,2016-10-20,13.716666666666667
Quilicura,2016-10-21,8.666666666666666
Quilicura,2016-11-20,10.923076923076923
Quilicura,2016-11-21,10.35
Quilicura,2016-12-20,18.035971223021583
Quilicura,2016-12-21,10.625
Quilicura,2017-01-20,12.409722222222221
Quilicura,2017-01-21,12.458333333333334
Quilicura,2017-02-20,13.944444444444445
Quilicura,2017-02-21,13.625
Quilicura,2017-03-20,14.29861111111111
Quilicura,2017-03-21,15.25
Quilicura,2017-04-20,27.680555555555557
Quilicura,2017-04-21,24.25
Quilicura,2017-05-20,36.520833333333336
Quilicura,2017-05-21,31.583333333333332
Quilicura,2017-06-20,43.22222222222222
Quilicura,2017-06-21,46.25
Quilicura,2017-07-20,54.9375
Quilicura,2017-07-21,57.833333333333336
Quilicura,2017-08-20,24.680555555555557
Quilicura,2017-08-21,33.958333333333336
Quilicura,2017-09-20,22.805555555555557
Quilicura,2017-09-21,18.5
Quilicura,2017-10-20,12.699248120300751
Quilicura,2017-10-21,14.708333333333334
Quilicura,2017-11-20,11.58041958041958
Quilicura,2017-11-21,6.291666666666667
Quilicura,2017-12-20,12.090277777777779
Quilicura,2017-12-21,8.375
Quilicura,2018-01-20,16.929078014184398
Quilicura,2018-01-21,12.541666666666666
Quilicura,2018-02-20,14.900709219858156
Quilicura,2018-02-21,13.125
Quilicura,2018-03-20,14.020833333333334
Quilicura,2018-03-21,16.875
Quilicura,2018-04-20,26.38888888888889
Quilicura,2018-04-21,24.833333333333332
Quilicura,2018-05-20,38.55555555555556
Quilicura,2018-05-21,41.541666666666664
Quilicura,2018-06-20,44.375
Quilicura,2018-06-21,4.75
Quilicura,2018-07-20,46.361111111111114
Quilicura,2018-07-21,47.333333333333336
Quilicura,2018-08-20,24.805555555555557
Quilicura,2018-08-21,33.125
Quilicura,2018-09-20,20.20138888888889
Quilicura,2018-09-21,27.708333333333332
Quilicura,2018-10-20,12.84375
Quilicura,2018-10-21,17.782608695652176
Quilicura,2018-11-20,13.208333333333334
Quilicura,2018-11-21,7.666666666666667
Quilicura,2018-12-20,14
Quilicura,2018-12-21,9
Quilicura,2019-01-20,15.426573426573427
Quilicura,2019-01-21,13.857142857142858
Quilicura,2019-02-20,13.70138888888889
Quilicura,2019-02-21,14.375
Quilicura,2019-03-20,14.51388888888889
Quilicura,2019-03-21,18.458333333333332
Quilicura,2019-04-20,23.46527777777778
Quilicura,2019-04-21,22.083333333333332
Quilicura,2019-05-20,37.583333333333336
Quilicura,2019-05-21,50.625
Quilicura,2019-06-20,54.6013986013986
Quilicura,2019-06-21,14.666666666666666
Quilicura,2019-07-20,43.49305555555556
Quilicura,2019-07-21,53
Quilicura,2019-08-20,31.22222222222222
Quilicura,2019-08-21,23
Quilicura,2019-09-20,19.73611111111111
Quilicura,2019-09-21,6
Quilicura,2019-10-20,17.396551724137932
Quilicura,2019-10-21,13.833333333333334
Quilicura,2019-11-20,12.972027972027972
Quilicura,2019-11-21,7.666666666666667
Quilicura,2019-12-20,14.569444444444445
Quilicura,2019-12-21,15.666666666666666
Quilicura,2020-01-20,13.80281690140845
Quilicura,2020-01-21,21.541666666666668
Quilicura,2020-02-20,15.36111111111111
Quilicura,2020-02-21,13.625
Quilicura,2020-03-20,15.909722222222221
Quilicura,2020-03-21,10.958333333333334
Quilicura,2020-04-20,26.79861111111111
Quilicura,2020-04-21,28.125
Quilicura,2020-05-20,31.006944444444443
Quilicura,2020-05-21,39.583333333333336
Quilicura,2020-06-20,53.833333333333336
Quilicura,2020-06-21,31.375
Quilicura,2020-07-20,43.25
Quilicura,2020-07-21,61.5
Quilicura,2020-08-20,33.298611111111114
Quilicura,2020-08-21,14.916666666666666
Quilicura,2020-09-20,19.97222222222222
Quilicura,2020-09-21,16.166666666666668
Quilicura,2020-10-20,18.9
Quilicura,2020-10-21,2.3333333333333335
Quilicura,2020-11-20,12.38888888888889
Quilicura,2020-11-21,9.666666666666666
Quilicura,2020-12-20,16.833333333333332
Quilicura,2020-12-21,13.958333333333334
Quilicura,2021-01-20,14.229166666666666
Quilicura,2021-01-21,16.833333333333332
Quilicura,2021-02-20,15.097222222222221
Quilicura,2021-02-21,11.08695652173913
Quilicura,2021-03-20,15.645833333333334
Quilicura,2021-03-21,16.125
Quilicura,2021-04-20,20.520833333333332
Quilicura,2021-04-21,19.583333333333332
Quilicura,2021-05-20,27.29861111111111
Quilicura,2021-05-21,17.833333333333332
Quilicura,2021-06-20,49.59722222222222
Quilicura,2021-06-21,8.333333333333334
Quilicura,2021-07-20,33.625
Quilicura,2021-07-21,33.25
Quilicura,2021-08-20,30.21527777777778
Quilicura,2021-08-21,12.541666666666666
Quilicura,2021-09-20,18.208333333333332
Quilicura,2021-09-21,14.583333333333334
Quilicura,2021-10-20,21.766666666666666
Quilicura,2021-10-21,4.291666666666667
Quilicura,2021-11-20,11.3125
Quilicura,2021-11-21,8.375
Quilicura,2021-12-20,15.347222222222221
Quilicura,2021-12-21,18
Quilicura,2022-01-20,13.555555555555555
Quilicura,2022-01-21,25.285714285714285
Quilicura,2022-02-20,12.715277777777779
Quilicura,2022-02-21,5.166666666666667
Quilicura,2022-03-20,14.493055555555555
Quilicura,2022-03-21,13.708333333333334
Quilicura,2022-04-20,22.47222222222222
Quilicura,2022-04-21,11.166666666666666
Quilicura,2022-05-20,33.1875
Quilicura,2022-05-21,17.608695652173914
Quilicura,2022-06-20,45.47552447552447
Quilicura,2022-06-21,4.416666666666667
Quilicura,2022-07-20,33.361111111111114
Quilicura,2022-07-21,42.125
Quilicura,2022-08-20,29.520833333333332
Quilicura,2022-08-21,8.541666666666666
Quilicura,2022-09-20,15.902777777777779
Quilicura,2022-09-21,11.5
Quilicura,2022-10-20,18.566666666666666
Quilicura,2022-10-21,9.956521739130435
Quilicura,2022-11-20,11.895833333333334
Quilicura,2022-11-21,5.375
Quilicura,2022-12-20,14.184397163120567
Quilicura,2022-12-21,16.375
Quilicura,2023-01-20,13.75
Quilicura,2023-01-21,14
Quilicura,2023-02-20,13.38888888888889
Quilicura,2023-02-21,10.541666666666666
Quilicura,2023-03-20,15.097222222222221
Quilicura,2023-03-21,9.541666666666666
Quilicura,2023-04-20,21.875
Quilicura,2023-04-21,17.875
Quilicura,2023-05-20,35.76223776223776
Quilicura,2023-05-21,11.375
Quilicura,2023-06-20,34.99305555555556
Quilicura,2023-06-21,9.041666666666666
Quilicura,2023-07-20,40.0625
Quilicura,2023-07-21,38.791666666666664
Quilicura,2023-08-20,24.342657342657343
Quilicura,2023-08-21,13.5
Quilicura,2023-09-20,18.57638888888889
Quilicura,2023-09-21,8.291666666666666
Quilicura,2023-10-20,13.525925925925925
Quilicura,2023-10-21,3.3333333333333335
Quilicura,2023-11-20,11.666666666666666
Quilicura,2023-11-21,7.625
Quilicura,2023-12-20,14.20979020979021
Quilicura,2023-12-21,11.26086956521739
Quilicura,2024-01-20,13.198581560283689
Quilicura,2024-01-21,23.875
Quilicura,2024-02-20,14.1875
Quilicura,2024-02-21,11.541666666666666
Quilicura,2024-03-20,17.65972222222222
Quilicura,2024-03-21,9.083333333333334
Quilicura,2024-04-20,25.02097902097902
Quilicura,2024-04-21,18.291666666666668
Quilicura,2024-05-20,39.736111111111114
Quilicura,2024-05-21,34.958333333333336
Quilicura,2024-06-20,29.666666666666668
Quilicura,2024-06-21,10.041666666666666
Quilicura,2024-07-20,40.78472222222222
Quilicura,2024-07-21,44.041666666666664
Quilicura,2024-08-11,47.166666666666664
Quilicura,2024-08-20,25.305555555555557
Quilicura,2024-08-21,27.375
Quilicura,2024-09-20,20.225352112676056
Quilicura,2024-09-21,11.125
Quilicura,2024-10-20,12.742857142857142
Quilicura,2024-10-21,6.958333333333333
Quilicura,2024-11-20,11.20979020979021
Quilicura,2024-11-21,4.125
Quilicura,2024-12-20,15.055555555555555
Quilicura,2024-12-21,12.041666666666666
Quilicura,2025-01-20,12.013986013986013
Quilicura,2025-01-21,16.041666666666668
Quilicura,2025-02-20,13.819444444444445
Quilicura,2025-02-21,12.416666666666666
Quilicura,2025-03-20,18.395833333333332
Quilicura,2025-03-21,12.695652173913043
Quilicura,2025-04-20,23.506944444444443
Quilicura,2025-04-21,15.166666666666666
Quilicura,2025-05-20,41.7887323943662
Quilicura,2025-05-21,32.5
Quilicura,2025-06-20,33.56944444444444
Quilicura,2025-06-21,20.333333333333332
Quilicura,2025-07-20,36.88194444444444
Quilicura,2025-07-21,39.416666666666664
Quilicura,2025-08-20,26.368055555555557
Quilicura,2025-08-21,22.541666666666668
Quilicura,2025-09-20,18.791666666666668
Quilicura,2025-09-21,12.708333333333334
Quilicura,2025-10-20,12.10077519379845
Quilicura,2025-10-21,7.166666666666667
Quilicura,2025-11-20,11.948529411764707
Quilicura,2025-11-21,5.833333333333333
Quilicura,2025-12-20,14.20138888888889
Quilicura,2025-12-21,11
Quilicura,2026-01-20,13.522388059701493
Quilicura,2026-01-21,12.416666666666666
Quilicura,2026-02-20,15.20138888888889
Quilicura,2026-02-21,13.608695652173912
Quilicura,2026-03-20,18.922535211267604
Quilicura,2026-03-21,16.875
Quilicura,2026-04-20,21.528169014084508
Quilicura,2026-04-21,11
Quilicura,2026-05-20,42.833333333333336
Quilicura,2026-05-21,23.25
Quilicura,2026-06-20,41.21527777777778
Quilicura,2026-06-21,43.625
Quilicura,2026-07-20,42.25874125874126
Quilicura,2026-07-21,51.916666666666664
Quilicura,2026-08-20,28.8125
Quilicura,2026-08-21,19.416666666666668
Quilicura,2026-09-20,16.381944444444443
Quilicura,2026-09-21,16.708333333333332
Quilicura,2026-10-20,12.619834710743802
Quilicura,2026-10-21,12.541666666666666
Quilicura,2026-11-20,13.284722222222221
Quilicura,2026-11-21,4.545454545454546
Quilicura,2026-12-20,12.321678321678322
Quilicura,2026-12-21,9.75
Quilicura,2027-01-20,14.225563909774436
Quilicura,2027-01-21,11.791666666666666
Quilicura,2027-02-20,15
Quilicura,2027-02-21,9.916666666666666
Quilicura,2027-03-20,16.65546218487395
Quilicura,2027-03-21,15.625
Quilicura,2027-04-20,26.006944444444443
Quilicura,2027-04-21,13.625
Quilicura,2027-05-20,48.41258741258741
Quilicura,2027-05-21,36.708333333333336
Quilicura,2027-06-20,48.1875
Quilicura,2027-06-21,38.125
Quilicura,2027-07-20,42.75524475524475
Quilicura,2027-07-21,58.958333333333336
Quilicura,2027-08-20,27.944444444444443
Quilicura,2027-08-21,24.125
Quilicura,2027-09-20,17.06993006993007
Quilicura,2027-09-21,21.875
Quilicura,2027-10-20,11.047244094488189
Quilicura,2027-10-21,11.333333333333334
Quilicura,2027-11-20,12.972222222222221
Quilicura,2027-11-21,4.166666666666667
Quilicura,2027-12-20,13.104166666666666
Quilicura,2027-12-21,8.375
Quilicura,2028-01-20,15.715277777777779
Quilicura,2028-01-21,11.25
Quilicura,2028-02-20,15.930555555555555
Quilicura,2028-02-21,11.833333333333334
Quilicura,2028-03-20,19.786259541984734
Quilicura,2028-03-21,17.208333333333332
Quilicura,2028-04-20,33.0625
Quilicura,2028-04-21,26.208333333333332
Quilicura,2028-05-20,49.71328671328671
Quilicura,2028-05-21,40.13636363636363
Quilicura,2028-06-20,44.68055555555556
Quilicura,2028-06-21,47.208333333333336
Quilicura,2028-07-20,46.125
Quilicura,2028-07-21,65.375
Quilicura,2028-08-20,27.53846153846154
Quilicura,2028-08-21,25.75
Quilicura,2028-09-20,18.23076923076923
Quilicura,2028-09-21,19.041666666666668
Quilicura,2028-10-20,13.1875
Quilicura,2028-10-21,12.291666666666666
Quilicura,2028-11-20,13.402777777777779
Quilicura,2028-11-21,5.125
Quilicura,2028-12-20,13.39568345323741
Quilicura,2028-12-21,6.125
Quilicura,2029-01-20,12.51048951048951
Quilicura,2029-01-21,12.916666666666666
Quilicura,2029-02-20,24.833333333333332
Quilicura,2029-02-21,11.25
Quilicura,2029-03-20,17.25
Quilicura,2029-03-21,23.291666666666668
Quilicura,2029-04-20,27.70138888888889
Quilicura,2029-04-21,14.291666666666666
Quilicura,2029-05-20,39.79577464788732
Quilicura,2029-05-21,50
Quilicura,2029-06-20,41.4375
Quilicura,2029-06-21,70.91666666666667
Quilicura,2029-07-20,46.013888888888886
Quilicura,2029-07-21,51
Quilicura,2029-08-20,23.47222222222222
Quilicura,2029-08-21,17.125
Quilicura,2029-09-20,16.28472222222222
Quilicura,2029-09-21,14.166666666666666
Quilicura,2029-10-20,12.729166666666666
Quilicura,2029-10-21,13.291666666666666
Quilicura,2029-11-20,12.503496503496503
Quilicura,2029-11-21,10
Quilicura,2029-12-20,11.791666666666666
Quilicura,2029-12-21,9.166666666666666
Quilicura,2030-01-20,12.55944055944056
Quilicura,2030-01-21,16.583333333333332
Quilicura,2030-03-20,14.965277777777779
Quilicura,2030-03-21,22.125
Quilicura,2030-04-20,31.40972222222222
Quilicura,2030-04-21,5.375
Quilicura,2030-05-20,42.75352112676056
Quilicura,2030-05-21,58.375
Quilicura,2030-06-20,44.416666666666664
Quilicura,2030-06-21,41.30434782608695
Quilicura,2030-07-20,45.02797202797203
Quilicura,2030-07-21,45.708333333333336
Quilicura,2030-08-20,22.09027777777778
Quilicura,2030-08-21,14.208333333333334
Quilicura,2030-09-20,14.39568345323741
Quilicura,2030-09-21,9.041666666666666
Quilicura,2030-10-20,10.67361111111111
Quilicura,2030-10-21,12.208333333333334
Quilicura,2030-11-20,13.67361111111111
Quilicura,2030-11-21,8.083333333333334
Quilicura,2030-12-20,11.774647887323944
Quilicura,2030-12-21,10.208333333333334
Quilicura,2031-01-20,12.930555555555555
Quilicura,2031-01-21,20
Quilicura,2031-03-20,16.558139534883722
Quilicura,2031-03-21,15.125
Quilicura,2031-05-20,41.12587412587413
Quilicura,2031-05-21,48.541666666666664
Quilicura,2031-07-20,48.41958041958042
Quilicura,2031-07-21,51.25
Quilicura,2031-08-20,22.520833333333332
Quilicura,2031-08-21,33.208333333333336
Quilicura,2031-10-20,14.713286713286713
Quilicura,2031-10-21,13
Quilicura,2031-12-20,15.986013986013987
Quilicura,2031-12-21,8.695652173913043
Talagante,2001-01-20,12.147826086956522
Talagante,2001-02-20,14.510416666666666
Talagante,2001-02-21,17.541666666666668
Talagante,2001-03-20,15.135416666666666
Talagante,2001-03-21,11.791666666666666
Talagante,2001-04-20,19.80821917808219
Talagante,2001-04-21,9.291666666666666
Talagante,2001-05-20,29.380434782608695
Talagante,2001-05-21,14.5
Talagante,2001-06-20,42.541666666666664
Talagante,2001-06-21,68
Talagante,2001-07-20,42.31666666666667
Talagante,2001-07-21,50.125
Talagante,2001-08-20,43.94166666666667
Talagante,2001-08-21,17.333333333333332
Talagante,2001-09-20,22.183333333333334
Talagante,2001-09-21,28.583333333333332
Talagante,2001-10-20,11.596638655462185
Talagante,2001-10-21,4.083333333333333
Talagante,2001-11-20,10.433333333333334
Talagante,2001-11-21,4.208333333333333
Talagante,2001-12-20,11.158333333333333
Talagante,2001-12-21,4.333333333333333
Talagante,2002-01-20,11.521367521367521
Talagante,2002-01-21,12.23076923076923
Talagante,2002-02-20,16.020833333333332
Talagante,2002-02-21,25.166666666666668
Talagante,2002-03-20,14.6
Talagante,2002-03-21,12.652173913043478
Talagante,2002-04-20,18.972602739726028
Talagante,2002-04-21,13.791666666666666
Talagante,2002-05-20,21.697916666666668
Talagante,2002-05-21,27.041666666666668
Talagante,2002-06-20,37.54838709677419
Talagante,2002-06-21,51.208333333333336
Talagante,2002-07-20,45.75
Talagante,2002-07-21,44
Talagante,2002-08-20,39.416666666666664
Talagante,2002-08-21,5.529411764705882
Talagante,2002-09-20,25.2
Talagante,2002-09-21,5.541666666666667
Talagante,2002-10-20,11.327731092436975
Talagante,2002-10-21,11.095238095238095
Talagante,2002-11-20,9.558333333333334
Talagante,2002-11-21,5.375
Talagante,2002-12-20,12.466666666666667
Talagante,2002-12-21,7.208333333333333
Talagante,2003-01-20,12.82905982905983
Talagante,2003-01-21,13.75
Talagante,2003-02-20,13.15625
Talagante,2003-02-21,30.916666666666668
Talagante,2003-03-20,11.385416666666666
Talagante,2003-03-21,12.541666666666666
Talagante,2003-04-20,15.027777777777779
Talagante,2003-04-21,10.125
Talagante,2003-05-20,25.47872340425532
Talagante,2003-05-21,25.125
Talagante,2003-06-20,32.0875
Talagante,2003-06-21,43.083333333333336
Talagante,2003-07-20,60.833333333333336
Talagante,2003-07-21,36.958333333333336
Talagante,2003-08-20,46.63333333333333
Talagante,2003-08-21,17.958333333333332
Talagante,2003-09-20,23.82456140350877
Talagante,2003-09-21,13.791666666666666
Talagante,2003-10-20,9.95
Talagante,2003-10-21,13.956521739130435
Talagante,2003-11-20,10.714285714285714
Talagante,2003-11-21,4.958333333333333
Talagante,2003-12-20,12.369747899159664
Talagante,2003-12-21,10.708333333333334
Talagante,2004-01-20,14.966101694915254
Talagante,2004-01-21,13.208333333333334
Talagante,2004-02-20,13.239583333333334
Talagante,2004-02-21,28
Talagante,2004-03-20,12.520833333333334
Talagante,2004-03-21,11.75
Talagante,2004-04-20,15.26388888888889
Talagante,2004-04-21,13.75
Talagante,2004-05-20,28.052083333333332
Talagante,2004-05-21,19.708333333333332
Talagante,2004-06-20,31.15277777777778
Talagante,2004-06-21,52.25
Talagante,2004-07-20,56.21666666666667
Talagante,2004-07-21,29.958333333333332
Talagante,2004-08-20,44.99166666666667
Talagante,2004-08-21,17.125
Talagante,2004-09-20,22.635593220338983
Talagante,2004-09-21,18.958333333333332
Talagante,2004-10-20,13.658333333333333
Talagante,2004-10-21,12.6
Talagante,2004-11-20,10.008333333333333
Talagante,2004-11-21,8.041666666666666
Talagante,2004-12-20,13.05
Talagante,2004-12-21,10.875
Talagante,2005-01-20,12.17117117117117
Talagante,2005-01-21,7.791666666666667
Talagante,2005-02-20,14.385416666666666
Talagante,2005-02-21,16.5
Talagante,2005-03-20,13.8125
Talagante,2005-03-21,14.5
Talagante,2005-04-20,15.208333333333334
Talagante,2005-04-21,12.458333333333334
Talagante,2005-05-20,33.072916666666664
Talagante,2005-05-21,19.833333333333332
Talagante,2005-06-20,28.887323943661972
Talagante,2005-06-21,74.08333333333333
Talagante,2005-07-20,44.03333333333333
Talagante,2005-07-21,51.375
Talagante,2005-08-20,42.36974789915966
Talagante,2005-08-21,10.208333333333334
Talagante,2005-09-20,22.02542372881356
Talagante,2005-09-21,22.166666666666668
Talagante,2005-10-20,14.161016949152541
Talagante,2005-10-21,13.208333333333334
Talagante,2005-11-20,11.358333333333333
Talagante,2005-11-21,8.875
Talagante,2005-12-20,14.825
Talagante,2005-12-21,5.208333333333333
Talagante,2006-01-20,11.786324786324787
Talagante,2006-01-21,8.791666666666666
Talagante,2006-02-20,27.135416666666668
Talagante,2006-02-21,13.875
Talagante,2006-03-20,12.25
Talagante,2006-03-21,13.958333333333334
Talagante,2006-04-20,17.02777777777778
Talagante,2006-04-21,10
Talagante,2006-05-20,36.614583333333336
Talagante,2006-05-21,15.583333333333334
Talagante,2006-06-20,27.72222222222222
Talagante,2006-06-21,77.20833333333333
Talagante,2006-07-20,39.63559322033898
Talagante,2006-07-21,57.375
Talagante,2006-08-20,33.458333333333336
Talagante,2006-08-21,7.291666666666667
Talagante,2006-09-20,15.5
Talagante,2006-09-21,11.833333333333334
Talagante,2006-10-20,14.808333333333334
Talagante,2006-10-21,11
Talagante,2006-11-20,10.441666666666666
Talagante,2006-11-21,9.375
Talagante,2006-12-20,18.7
Talagante,2006-12-21,6.708333333333333
Talagante,2007-01-20,11.327586206896552
Talagante,2007-01-21,6.208333333333333
Talagante,2007-02-20,23.02127659574468
Talagante,2007-02-21,10.541666666666666
Talagante,2007-03-20,10.385416666666666
Talagante,2007-03-21,8.625
Talagante,2007-04-20,18.09722222222222
Talagante,2007-04-21,16.75
Talagante,2007-05-20,36.635416666666664
Talagante,2007-05-21,17.25
Talagante,2007-06-20,36.45569620253165
Talagante,2007-06-21,63.458333333333336
Talagante,2007-07-20,45.333333333333336
Talagante,2007-07-21,54.958333333333336
Talagante,2007-08-20,24.025
Talagante,2007-08-21,17.166666666666668
Talagante,2007-09-20,11.067796610169491
Talagante,2007-09-21,15.666666666666666
Talagante,2007-10-20,14.008333333333333
Talagante,2007-10-21,8.625
Talagante,2007-11-20,12.316666666666666
Talagante,2007-11-21,9.958333333333334
Talagante,2007-12-20,12.1
Talagante,2007-12-21,7.333333333333333
Talagante,2008-01-20,8.733333333333333
Talagante,2008-01-21,7.25
Talagante,2008-02-20,20.848837209302324
Talagante,2008-02-21,10.541666666666666
Talagante,2008-03-20,9.763440860215054
Talagante,2008-03-21,5.791666666666667
Talagante,2008-04-20,16.72222222222222
Talagante,2008-04-21,14.875
Talagante,2008-05-20,31.34375
Talagante,2008-06-20,40.53846153846154
Talagante,2008-06-21,26.041666666666668
Talagante,2008-07-20,41.46666666666667
Talagante,2008-07-21,68.20833333333333
Talagante,2008-08-20,32.42016806722689
Talagante,2008-08-21,39.625
Talagante,2008-09-20,16.605042016806724
Talagante,2008-09-21,23.391304347826086
Talagante,2008-10-20,11.722222222222221
Talagante,2008-10-21,4.333333333333333
Talagante,2008-11-20,11.4
Talagante,2008-11-21,15.291666666666666
Talagante,2008-12-20,11.35
Talagante,2008-12-21,7.416666666666667
Talagante,2009-01-20,8.825
Talagante,2009-01-21,8.916666666666666
Talagante,2009-02-20,29.388235294117646
Talagante,2009-02-21,9.583333333333334
Talagante,2009-03-20,11.46875
Talagante,2009-03-21,7.791666666666667
Talagante,2009-04-20,12.95
Talagante,2009-04-21,15.333333333333334
Talagante,2009-05-20,31.979166666666668
Talagante,2009-05-21,53.833333333333336
Talagante,2009-06-20,33.225
Talagante,2009-06-21,6.5
Talagante,2009-07-20,36.84166666666667
Talagante,2009-07-21,42.958333333333336
Talagante,2009-08-20,36.525
Talagante,2009-08-21,37.166666666666664
Talagante,2009-09-20,21.483050847457626
Talagante,2009-09-21,15.583333333333334
Talagante,2009-10-20,16.145833333333332
Talagante,2009-10-21,11.5
Talagante,2009-11-20,10.907563025210084
Talagante,2009-11-21,7.125
Talagante,2009-12-20,10.866666666666667
Talagante,2009-12-21,9.916666666666666
Talagante,2010-01-20,14.625
Talagante,2010-01-21,11.5
Talagante,2010-02-20,25.59375
Talagante,2010-02-21,9.416666666666666
Talagante,2010-03-20,11.229166666666666
Talagante,2010-03-21,11.333333333333334
Talagante,2010-04-20,16.242105263157896
Talagante,2010-04-21,15.125
Talagante,2010-05-20,37.84375
Talagante,2010-05-21,35.666666666666664
Talagante,2010-06-20,39.63333333333333
Talagante,2010-06-21,29.291666666666668
Talagante,2010-07-20,38.680672268907564
Talagante,2010-07-21,36.291666666666664
Talagante,2010-08-20,35.2
Talagante,2010-08-21,43.333333333333336
Talagante,2010-09-20,22.72641509433962
Talagante,2010-09-21,8.25
Talagante,2010-10-20,14.141304347826088
Talagante,2010-10-21,9.041666666666666
Talagante,2010-11-20,10.831932773109244
Talagante,2010-11-21,4.625
Talagante,2010-12-20,10.89655172413793
Talagante,2010-12-21,11.708333333333334
Talagante,2011-01-20,10.166666666666666
Talagante,2011-01-21,11.916666666666666
Talagante,2011-02-20,21.05263157894737
Talagante,2011-02-21,7.666666666666667
Talagante,2011-03-20,12.770833333333334
Talagante,2011-03-21,8.833333333333334
Talagante,2011-04-20,14.833333333333334
Talagante,2011-04-21,7.25
Talagante,2011-05-20,43.4375
Talagante,2011-05-21,45.708333333333336
Talagante,2011-06-20,41.391666666666666
Talagante,2011-06-21,43
Talagante,2011-07-20,52.21666666666667
Talagante,2011-07-21,65.04166666666667
Talagante,2011-08-20,31.783333333333335
Talagante,2011-09-20,9.478260869565217
Talagante,2011-09-21,9.041666666666666
Talagante,2011-10-20,16.53125
Talagante,2011-10-21,6.708333333333333
Talagante,2011-11-20,8.075
Talagante,2011-11-21,5.583333333333333
Talagante,2011-12-20,12.949579831932773
Talagante,2011-12-21,10.375
Talagante,2012-01-20,9.85
Talagante,2012-01-21,13.458333333333334
Talagante,2012-02-20,21.021052631578947
Talagante,2012-02-21,12.041666666666666
Talagante,2012-03-20,14.893617021276595
Talagante,2012-03-21,5.875
Talagante,2012-04-20,15.739583333333334
Talagante,2012-04-21,9.25
Talagante,2012-05-20,41.4375
Talagante,2012-05-21,43.208333333333336
Talagante,2012-06-20,41.347457627118644
Talagante,2012-06-21,25.416666666666668
Talagante,2012-07-20,46.621848739495796
Talagante,2012-07-21,72.1304347826087
Talagante,2012-08-20,30.823529411764707
Talagante,2012-08-21,33.833333333333336
Talagante,2012-09-20,13.961904761904762
Talagante,2012-09-21,10.875
Talagante,2012-10-20,16.46875
Talagante,2012-10-21,16.708333333333332
Talagante,2012-11-20,9.791666666666666
Talagante,2012-11-21,9.833333333333334
Talagante,2012-12-20,11.863247863247864
Talagante,2012-12-21,7.043478260869565
Talagante,2013-01-20,10.166666666666666
Talagante,2013-01-21,10.666666666666666
Talagante,2013-02-20,13.541666666666666
Talagante,2013-02-21,16.375
Talagante,2013-03-20,13.9875
Talagante,2013-03-21,7.291666666666667
Talagante,2013-04-20,21.337349397590362
Talagante,2013-04-21,14.291666666666666
Talagante,2013-05-20,36.864583333333336
Talagante,2013-05-21,44.4
Talagante,2013-06-20,44.475
Talagante,2013-06-21,6.375
Talagante,2013-07-20,58.62931034482759
Talagante,2013-07-21,72.45833333333333
Talagante,2013-08-20,43.15966386554622
Talagante,2013-08-21,27.5
Talagante,2013-09-20,15.533333333333333
Talagante,2013-09-21,14.541666666666666
Talagante,2013-10-20,16.21875
Talagante,2013-10-21,14.791666666666666
Talagante,2013-11-20,9.196581196581196
Talagante,2013-11-21,14.291666666666666
Talagante,2013-12-20,10.408695652173913
Talagante,2013-12-21,10.791666666666666
Talagante,2014-01-20,10.495412844036696
Talagante,2014-01-21,11.833333333333334
Talagante,2014-02-20,14.364583333333334
Talagante,2014-02-21,9.541666666666666
Talagante,2014-03-20,15.583333333333334
Talagante,2014-03-21,10.166666666666666
Talagante,2014-04-20,24.944444444444443
Talagante,2014-04-21,12.708333333333334
Talagante,2014-05-20,40.78125
Talagante,2014-05-21,45
Talagante,2014-06-20,50.583333333333336
Talagante,2014-06-21,21.083333333333332
Talagante,2014-07-20,52.78333333333333
Talagante,2014-07-21,82.25
Talagante,2014-08-20,40.425
Talagante,2014-08-21,27.958333333333332
Talagante,2014-09-20,20.7
Talagante,2014-09-21,23
Talagante,2014-10-20,12.635416666666666
Talagante,2014-10-21,9.916666666666666
Talagante,2014-11-20,10.161016949152541
Talagante,2014-11-21,11.333333333333334
Talagante,2014-12-20,12.991666666666667
Talagante,2014-12-21,12.541666666666666
Talagante,2015-01-20,11.302521008403362
Talagante,2015-01-21,10.583333333333334
Talagante,2015-02-20,15.34375
Talagante,2015-02-21,8.458333333333334
Talagante,2015-03-20,12.6
Talagante,2015-03-21,13.454545454545455
Talagante,2015-04-20,21.34722222222222
Talagante,2015-04-21,10.083333333333334
Talagante,2015-05-20,35.1219512195122
Talagante,2015-05-21,35.291666666666664
Talagante,2015-06-20,50.35294117647059
Talagante,2015-06-21,48.875
Talagante,2015-07-20,50.09166666666667
Talagante,2015-07-21,78.375
Talagante,2015-08-20,24.121739130434783
Talagante,2015-08-21,34.125
Talagante,2015-09-20,18.216666666666665
Talagante,2015-09-21,22.142857142857142
Talagante,2015-10-20,15.958333333333334
Talagante,2015-10-21,14.833333333333334
Talagante,2015-11-20,10.866666666666667
Talagante,2015-11-21,7.375
Talagante,2015-12-20,16.633333333333333
Talagante,2015-12-21,9.333333333333334
Talagante,2016-01-20,11.617391304347827
Talagante,2016-01-21,9.125
Talagante,2016-02-20,13.989473684210527
Talagante,2016-02-21,7.833333333333333
Talagante,2016-03-20,10.541666666666666
Talagante,2016-03-21,13.333333333333334
Talagante,2016-04-20,27.48611111111111
Talagante,2016-04-21,14.541666666666666
Talagante,2016-05-20,30.03125
Talagante,2016-05-21,35.166666666666664
Talagante,2016-06-20,43.63333333333333
Talagante,2016-06-21,45.291666666666664
Talagante,2016-07-20,46.30833333333333
Talagante,2016-07-21,74.79166666666667
Talagante,2016-08-20,23.65546218487395
Talagante,2016-08-21,24.541666666666668
Talagante,2016-09-20,14.066666666666666
Talagante,2016-09-21,17.166666666666668
Talagante,2016-10-20,12.181818181818182
Talagante,2016-10-21,7.875
Talagante,2016-11-20,9.466666666666667
Talagante,2016-11-21,9.625
Talagante,2016-12-20,21.66949152542373
Talagante,2016-12-21,7.583333333333333
Talagante,2017-01-20,11.134453781512605
Talagante,2017-01-21,11.166666666666666
Talagante,2017-02-20,14.371794871794872
Talagante,2017-02-21,11.416666666666666
Talagante,2017-03-20,10.114583333333334
Talagante,2017-03-21,15.125
Talagante,2017-04-20,25.569444444444443
Talagante,2017-04-21,23.75
Talagante,2017-05-20,25.670212765957448
Talagante,2017-05-21,37.916666666666664
Talagante,2017-06-20,50.5
Talagante,2017-06-21,26.208333333333332
Talagante,2017-07-20,50.86666666666667
Talagante,2017-07-21,61.416666666666664
Talagante,2017-08-20,18.714285714285715
Talagante,2017-08-21,23.083333333333332
Talagante,2017-09-20,13.175
Talagante,2017-09-21,11.6
Talagante,2017-10-20,10.333333333333334
Talagante,2017-10-21,11
Talagante,2017-11-20,9.733333333333333
Talagante,2017-11-21,6.958333333333333
Talagante,2017-12-20,11.5
Talagante,2017-12-21,6.75
Talagante,2018-01-20,13.907563025210084
Talagante,2018-01-21,11.173913043478262
Talagante,2018-02-20,13.897435897435898
Talagante,2018-02-21,14.166666666666666
Talagante,2018-03-20,11.944444444444445
Talagante,2018-03-21,13.791666666666666
Talagante,2018-04-20,18.320987654320987
Talagante,2018-04-21,19.875
Talagante,2018-05-20,28.885416666666668
Talagante,2018-05-21,48.125
Talagante,2018-06-20,50.36666666666667
Talagante,2018-06-21,7.5
Talagante,2018-07-20,54.041666666666664
Talagante,2018-07-21,46.041666666666664
Talagante,2018-08-20,16.38
Talagante,2018-08-21,24.666666666666668
Talagante,2018-09-20,12.168067226890756
Talagante,2018-09-21,20.333333333333332
Talagante,2018-10-20,10.758333333333333
Talagante,2018-10-21,12.833333333333334
Talagante,2018-11-20,14.46218487394958
Talagante,2018-11-21,7.958333333333333
Talagante,2018-12-20,12.958333333333334
Talagante,2018-12-21,8.208333333333334
Talagante,2019-01-20,11.966666666666667
Talagante,2019-01-21,16.791666666666668
Talagante,2019-02-20,12.583333333333334
Talagante,2019-02-21,11.958333333333334
Talagante,2019-03-20,14.729166666666666
Talagante,2019-03-21,13.458333333333334
Talagante,2019-04-20,18.84375
Talagante,2019-04-21,13.5
Talagante,2019-05-20,35.28125
Talagante,2019-05-21,65.83333333333333
Talagante,2019-06-20,56.05882352941177
Talagante,2019-06-21,17.875
Talagante,2019-07-20,53.96610169491525
Talagante,2019-07-21,34.333333333333336
Talagante,2019-08-20,24.45945945945946
Talagante,2019-08-21,10.916666666666666
Talagante,2019-09-20,15.361344537815127
Talagante,2019-09-21,6.458333333333333
Talagante,2019-10-20,11.941666666666666
Talagante,2019-10-21,5.291666666666667
Talagante,2019-11-20,12.714285714285714
Talagante,2019-11-21,9.625
Talagante,2019-12-20,11.7
Talagante,2019-12-21,14.916666666666666
Talagante,2020-01-20,11.206896551724139
Talagante,2020-01-21,16.25
Talagante,2020-02-20,11.715789473684211
Talagante,2020-02-21,8.166666666666666
Talagante,2020-03-20,17.043010752688172
Talagante,2020-03-21,9.708333333333334
Talagante,2020-04-20,21.125
Talagante,2020-04-21,21.708333333333332
Talagante,2020-05-20,34.59375
Talagante,2020-05-21,47.5
Talagante,2020-06-20,52.60504201680672
Talagante,2020-06-21,23.625
Talagante,2020-07-20,51.074074074074076
Talagante,2020-07-21,37.875
Talagante,2020-08-20,32.5
Talagante,2020-08-21,8.333333333333334
Talagante,2020-09-20,16.779661016949152
Talagante,2020-09-21,14.625
Talagante,2020-10-20,11.491666666666667
Talagante,2020-10-21,2.2916666666666665
Talagante,2020-11-20,11.068965517241379
Talagante,2020-11-21,10.208333333333334
Talagante,2020-12-20,11.55
Talagante,2020-12-21,16.875
Talagante,2021-01-20,12.567796610169491
Talagante,2021-01-21,15.291666666666666
Talagante,2021-02-20,13.042105263157895
Talagante,2021-02-21,6
Talagante,2021-03-20,14.869047619047619
Talagante,2021-03-21,17.043478260869566
Talagante,2021-04-20,18.329787234042552
Talagante,2021-04-21,13.541666666666666
Talagante,2021-05-20,34.65263157894737
Talagante,2021-05-21,16.333333333333332
Talagante,2021-06-20,51.78333333333333
Talagante,2021-06-21,6.875
Talagante,2021-07-20,37.325
Talagante,2021-07-21,36.416666666666664
Talagante,2021-08-20,26.82051282051282
Talagante,2021-08-21,11.416666666666666
Talagante,2021-09-20,16.79
Talagante,2021-09-21,3.875
Talagante,2021-10-20,13
Talagante,2021-10-21,5.625
Talagante,2021-11-20,11.907563025210084
Talagante,2021-11-21,8.083333333333334
Talagante,2021-12-20,13.125
Talagante,2021-12-21,18.875
Talagante,2022-01-20,10.630252100840336
Talagante,2022-01-21,14.666666666666666
Talagante,2022-02-20,11.302083333333334
Talagante,2022-02-21,3.8947368421052633
Talagante,2022-03-20,15.902777777777779
Talagante,2022-03-21,16.2
Talagante,2022-04-20,20.78021978021978
Talagante,2022-04-21,10.541666666666666
Talagante,2022-05-20,30.489583333333332
Talagante,2022-05-21,15.791666666666666
Talagante,2022-06-20,44.282051282051285
Talagante,2022-06-21,7.958333333333333
Talagante,2022-07-20,35.03669724770642
Talagante,2022-07-21,36.166666666666664
Talagante,2022-08-20,22.425
Talagante,2022-08-21,6.375
Talagante,2022-09-20,11.754545454545454
Talagante,2022-09-21,8.458333333333334
Talagante,2022-10-20,14.075
Talagante,2022-10-21,8.791666666666666
Talagante,2022-11-20,12.616666666666667
Talagante,2022-11-21,4.958333333333333
Talagante,2022-12-20,12.966101694915254
Talagante,2022-12-21,17.875
Talagante,2023-01-20,11.491525423728813
Talagante,2023-01-21,10.791666666666666
Talagante,2023-02-20,11.210526315789474
Talagante,2023-02-21,8.130434782608695
Talagante,2023-03-20,17.27777777777778
Talagante,2023-04-20,19.20212765957447
Talagante,2023-04-21,15.583333333333334
Talagante,2023-05-20,35.927083333333336
Talagante,2023-05-21,19.708333333333332
Talagante,2023-06-20,38.22222222222222
Talagante,2023-06-21,12.083333333333334
Talagante,2023-07-20,37.49473684210526
Talagante,2023-07-21,32.166666666666664
Talagante,2023-08-20,23.191666666666666
Talagante,2023-08-21,18.833333333333332
Talagante,2023-09-20,14.40677966101695
Talagante,2023-09-21,3.7083333333333335
Talagante,2023-10-20,12.798076923076923
Talagante,2023-10-21,4.041666666666667
Talagante,2023-11-20,10.816666666666666
Talagante,2023-11-21,7.583333333333333
Talagante,2023-12-20,14.109243697478991
Talagante,2023-12-21,13.833333333333334
Talagante,2024-01-20,11.88659793814433
Talagante,2024-01-21,11.083333333333334
Talagante,2024-02-20,13
Talagante,2024-02-21,9.75
Talagante,2024-03-20,17.845070422535212
Talagante,2024-04-20,16.989473684210527
Talagante,2024-04-21,14.541666666666666
Talagante,2024-05-20,41.22105263157895
Talagante,2024-05-21,40.833333333333336
Talagante,2024-06-20,36.141666666666666
Talagante,2024-06-21,12.583333333333334
Talagante,2024-07-20,37.739583333333336
Talagante,2024-07-21,51.083333333333336
Talagante,2024-08-11,32.75
Talagante,2024-08-20,27.05
Talagante,2024-08-21,34.666666666666664
Talagante,2024-09-20,16.141666666666666
Talagante,2024-09-21,10.047619047619047
Talagante,2024-10-20,12.229166666666666
Talagante,2024-10-21,8.458333333333334
Talagante,2024-11-20,9.391666666666667
Talagante,2024-11-21,4.75
Talagante,2024-12-20,13.416666666666666
Talagante,2024-12-21,10.608695652173912
Talagante,2025-01-20,11.5
Talagante,2025-01-21,9.625
Talagante,2025-02-20,12.258064516129032
Talagante,2025-02-21,11.125
Talagante,2025-03-20,15.764705882352942
Talagante,2025-03-21,10.166666666666666
Talagante,2025-04-20,19.59375
Talagante,2025-04-21,11.875
Talagante,2025-05-20,37.212765957446805
Talagante,2025-05-21,26.666666666666668
Talagante,2025-06-20,34.38333333333333
Talagante,2025-06-21,21.833333333333332
Talagante,2025-07-20,34.166666666666664
Talagante,2025-07-21,51.458333333333336
Talagante,2025-08-20,25.783333333333335
Talagante,2025-08-21,29.38095238095238
Talagante,2025-09-20,15.166666666666666
Talagante,2025-09-21,10.875
Talagante,2025-10-20,10.787878787878787
Talagante,2025-10-21,8.458333333333334
Talagante,2025-11-20,10.791666666666666
Talagante,2025-11-21,5.916666666666667
Talagante,2025-12-20,13.025
Talagante,2025-12-21,8.583333333333334
Talagante,2026-01-20,11.75
Talagante,2026-01-21,6.666666666666667
Talagante,2026-02-20,12.270833333333334
Talagante,2026-02-21,10.291666666666666
Talagante,2026-03-20,15.840425531914894
Talagante,2026-03-21,13.333333333333334
Talagante,2026-04-20,17.50526315789474
Talagante,2026-04-21,9.458333333333334
Talagante,2026-05-20,33.885714285714286
Talagante,2026-05-21,25.5
Talagante,2026-06-20,37.176991150442475
Talagante,2026-06-21,57.75
Talagante,2026-07-20,35.23076923076923
Talagante,2026-07-21,63.666666666666664
Talagante,2026-08-20,30.78813559322034
Talagante,2026-08-21,18.791666666666668
Talagante,2026-09-20,14.458333333333334
Talagante,2026-09-21,15.954545454545455
Talagante,2026-10-20,9.95
Talagante,2026-10-21,11.666666666666666
Talagante,2026-11-20,11.35897435897436
Talagante,2026-11-21,6.25
Talagante,2026-12-20,14.475
Talagante,2026-12-21,8
Talagante,2027-01-20,12.708333333333334
Talagante,2027-01-21,8.791666666666666
Talagante,2027-02-20,12.242105263157894
Talagante,2027-02-21,8.363636363636363
Talagante,2027-03-20,20.095238095238095
Talagante,2027-03-21,14.666666666666666
Talagante,2027-04-20,23.122222222222224
Talagante,2027-04-21,14.625
Talagante,2027-05-20,49.01923076923077
Talagante,2027-05-21,48.166666666666664
Talagante,2027-06-20,50.69166666666667
Talagante,2027-06-21,42.083333333333336
Talagante,2027-07-20,42.90833333333333
Talagante,2027-07-21,46.291666666666664
Talagante,2027-08-20,27.756302521008404
Talagante,2027-08-21,22.304347826086957
Talagante,2027-09-20,13.4
Talagante,2027-09-21,15.166666666666666
Talagante,2027-10-20,9.641666666666667
Talagante,2027-10-21,11.166666666666666
Talagante,2027-11-20,11.252252252252251
Talagante,2027-11-21,5.125
Talagante,2027-12-20,13.615384615384615
Talagante,2027-12-21,6.5
Talagante,2028-01-20,15.760416666666666
Talagante,2028-01-21,9.625
Talagante,2028-02-20,12.135416666666666
Talagante,2028-02-21,9.458333333333334
Talagante,2028-03-20,17.875
Talagante,2028-03-21,20.291666666666668
Talagante,2028-04-20,29.625
Talagante,2028-04-21,18.217391304347824
Talagante,2028-05-20,49.1981981981982
Talagante,2028-05-21,42.791666666666664
Talagante,2028-06-20,44.666666666666664
Talagante,2028-06-21,32.583333333333336
Talagante,2028-07-20,46.58771929824562
Talagante,2028-07-21,51.958333333333336
Talagante,2028-08-20,31.075
Talagante,2028-08-21,10.291666666666666
Talagante,2028-09-20,13.558333333333334
Talagante,2028-09-21,15.208333333333334
Talagante,2028-10-20,11.478991596638656
Talagante,2028-10-21,12.625
Talagante,2028-11-20,15.875
Talagante,2028-11-21,5.75
Talagante,2028-12-20,12.94915254237288
Talagante,2028-12-21,5.375
Talagante,2029-01-20,13.75
Talagante,2029-01-21,9.5
Talagante,2029-02-21,10.291666666666666
Talagante,2029-03-20,16.27777777777778
Talagante,2029-03-21,22.166666666666668
Talagante,2029-04-20,20.730337078651687
Talagante,2029-04-21,5.333333333333333
Talagante,2029-05-20,41.04761904761905
Talagante,2029-05-21,58.375
Talagante,2029-06-20,42.06666666666667
Talagante,2029-06-21,80.66666666666667
Talagante,2029-07-20,44.94166666666667
Talagante,2029-07-21,58.75
Talagante,2029-08-20,24.516666666666666
Talagante,2029-08-21,9.083333333333334
Talagante,2029-09-20,12.916666666666666
Talagante,2029-09-21,5.3
Talagante,2029-10-20,9.9
Talagante,2029-10-21,6.291666666666667
Talagante,2029-11-20,11.325
Talagante,2029-11-21,7.416666666666667
Talagante,2029-12-20,11.932203389830509
Talagante,2029-12-21,6.833333333333333
Talagante,2030-01-20,10.583333333333334
Talagante,2030-01-21,13.375
Talagante,2030-03-20,17.36764705882353
Talagante,2030-03-21,17.041666666666668
Talagante,2030-04-20,26.53684210526316
Talagante,2030-04-21,4.666666666666667
Talagante,2030-05-20,43.329896907216494
Talagante,2030-05-21,71.08333333333333
Talagante,2030-06-20,46.76470588235294
Talagante,2030-06-21,74.125
Talagante,2030-07-20,44.28333333333333
Talagante,2030-07-21,44.333333333333336
Talagante,2030-08-20,18.54621848739496
Talagante,2030-08-21,15.041666666666666
Talagante,2030-09-20,12.2
Talagante,2030-09-21,5.25
Talagante,2030-10-20,10.09322033898305
Talagante,2030-10-21,7.875
Talagante,2030-11-20,11.675
Talagante,2030-11-21,9.208333333333334
Talagante,2030-12-20,16.15463917525773
Talagante,2030-12-21,10.041666666666666
Talagante,2031-01-20,14.83529411764706
Talagante,2031-01-21,15.041666666666666
Talagante,2031-03-20,17
Talagante,2031-03-21,10.708333333333334
Talagante,2031-05-20,43.729166666666664
Talagante,2031-05-21,62.95652173913044
Talagante,2031-07-20,44.4
Talagante,2031-07-21,27.75
Talagante,2031-08-20,18.128205128205128
Talagante,2031-08-21,33.208333333333336
Talagante,2031-10-20,10.233333333333333
Talagante,2031-10-21,6.958333333333333
Talagante,2031-12-20,17.35483870967742
Talagante,2031-12-21,9.083333333333334
